account_id,xrealip,daily_user_num,year,month,day
-xXmXB77QoGbdeOe61W_Ow,13.52.234.238,1,2022,06,14
-xXmXB77QoGbdeOe61W_Ow,2001:559:a4:225::195,1,2022,06,01
-xXmXB77QoGbdeOe61W_Ow,2001:559:a4:225::195,1,2022,06,02
-xXmXB77QoGbdeOe61W_Ow,2001:559:a4:225::195,1,2022,06,06
-xXmXB77QoGbdeOe61W_Ow,2001:559:a4:225::195,2,2022,06,08
-xXmXB77QoGbdeOe61W_Ow,2001:559:a4:225::195,1,2022,06,09
-xXmXB77QoGbdeOe61W_Ow,2001:559:a4:23b:992c:5b5f:ea6e:e4af,1,2022,06,01
-xXmXB77QoGbdeOe61W_Ow,2001:559:a4:23b:992c:5b5f:ea6e:e4af,1,2022,06,09
-xXmXB77QoGbdeOe61W_Ow,3.228.197.246,3,2022,06,01
-xXmXB77QoGbdeOe61W_Ow,3.228.197.246,1,2022,06,07
-xXmXB77QoGbdeOe61W_Ow,3.228.197.246,1,2022,06,08
-xXmXB77QoGbdeOe61W_Ow,34.215.195.251,2,2022,06,01
-xXmXB77QoGbdeOe61W_Ow,34.215.195.251,1,2022,06,02
-xXmXB77QoGbdeOe61W_Ow,34.215.195.251,2,2022,06,06
-xXmXB77QoGbdeOe61W_Ow,34.215.195.251,2,2022,06,07
-xXmXB77QoGbdeOe61W_Ow,34.215.195.251,2,2022,06,14
-xXmXB77QoGbdeOe61W_Ow,34.238.143.76,12,2022,06,01
-xXmXB77QoGbdeOe61W_Ow,34.238.143.76,9,2022,06,02
-xXmXB77QoGbdeOe61W_Ow,34.238.143.76,9,2022,06,06
-xXmXB77QoGbdeOe61W_Ow,34.238.143.76,8,2022,06,07
-xXmXB77QoGbdeOe61W_Ow,34.238.143.76,12,2022,06,08
-xXmXB77QoGbdeOe61W_Ow,34.238.143.76,11,2022,06,09
-xXmXB77QoGbdeOe61W_Ow,34.238.143.76,7,2022,06,10
-xXmXB77QoGbdeOe61W_Ow,34.238.143.76,1,2022,06,11
-xXmXB77QoGbdeOe61W_Ow,34.238.143.76,1,2022,06,12
-xXmXB77QoGbdeOe61W_Ow,34.238.143.76,5,2022,06,13
-xXmXB77QoGbdeOe61W_Ow,34.238.143.76,10,2022,06,14
-xXmXB77QoGbdeOe61W_Ow,36.33.24.184,1,2022,06,06
-xXmXB77QoGbdeOe61W_Ow,38.99.100.2,17,2022,06,01
-xXmXB77QoGbdeOe61W_Ow,38.99.100.2,9,2022,06,02
-xXmXB77QoGbdeOe61W_Ow,38.99.100.2,1,2022,06,03
-xXmXB77QoGbdeOe61W_Ow,38.99.100.2,1,2022,06,04
-xXmXB77QoGbdeOe61W_Ow,38.99.100.2,1,2022,06,05
-xXmXB77QoGbdeOe61W_Ow,38.99.100.2,9,2022,06,06
-xXmXB77QoGbdeOe61W_Ow,38.99.100.2,10,2022,06,07
-xXmXB77QoGbdeOe61W_Ow,38.99.100.2,18,2022,06,08
-xXmXB77QoGbdeOe61W_Ow,38.99.100.2,14,2022,06,09
-xXmXB77QoGbdeOe61W_Ow,38.99.100.2,11,2022,06,10
-xXmXB77QoGbdeOe61W_Ow,38.99.100.2,1,2022,06,11
-xXmXB77QoGbdeOe61W_Ow,38.99.100.2,1,2022,06,12
-xXmXB77QoGbdeOe61W_Ow,38.99.100.2,8,2022,06,13
-xXmXB77QoGbdeOe61W_Ow,38.99.100.2,13,2022,06,14
-xXmXB77QoGbdeOe61W_Ow,38.99.100.7,2,2022,06,01
-xXmXB77QoGbdeOe61W_Ow,38.99.100.7,1,2022,06,07
-xXmXB77QoGbdeOe61W_Ow,38.99.100.7,2,2022,06,08
-xXmXB77QoGbdeOe61W_Ow,38.99.100.7,1,2022,06,14
-xXmXB77QoGbdeOe61W_Ow,52.220.255.171,1,2022,06,13
-xXmXB77QoGbdeOe61W_Ow,54.179.122.232,1,2022,06,13
1PMs3C13QBace6Xc-DO6wg,13.52.234.238,2,2022,06,14
1PMs3C13QBace6Xc-DO6wg,18.205.35.125,1,2022,06,01
1PMs3C13QBace6Xc-DO6wg,18.205.35.125,1,2022,06,02
1PMs3C13QBace6Xc-DO6wg,18.215.88.65,1,2022,06,02
1PMs3C13QBace6Xc-DO6wg,18.215.88.65,1,2022,06,03
1PMs3C13QBace6Xc-DO6wg,18.215.88.65,1,2022,06,04
1PMs3C13QBace6Xc-DO6wg,18.215.88.65,1,2022,06,05
1PMs3C13QBace6Xc-DO6wg,18.215.88.65,1,2022,06,06
1PMs3C13QBace6Xc-DO6wg,18.215.88.65,1,2022,06,07
1PMs3C13QBace6Xc-DO6wg,18.215.88.65,1,2022,06,08
1PMs3C13QBace6Xc-DO6wg,18.215.88.65,1,2022,06,09
1PMs3C13QBace6Xc-DO6wg,18.215.88.65,1,2022,06,10
1PMs3C13QBace6Xc-DO6wg,18.215.88.65,1,2022,06,11
1PMs3C13QBace6Xc-DO6wg,18.215.88.65,1,2022,06,12
1PMs3C13QBace6Xc-DO6wg,18.215.88.65,1,2022,06,13
1PMs3C13QBace6Xc-DO6wg,18.215.88.65,1,2022,06,14
1PMs3C13QBace6Xc-DO6wg,34.215.195.251,3,2022,06,01
1PMs3C13QBace6Xc-DO6wg,34.215.195.251,2,2022,06,02
1PMs3C13QBace6Xc-DO6wg,34.215.195.251,2,2022,06,03
1PMs3C13QBace6Xc-DO6wg,34.215.195.251,1,2022,06,04
1PMs3C13QBace6Xc-DO6wg,34.215.195.251,1,2022,06,05
1PMs3C13QBace6Xc-DO6wg,34.215.195.251,1,2022,06,06
1PMs3C13QBace6Xc-DO6wg,34.215.195.251,1,2022,06,07
1PMs3C13QBace6Xc-DO6wg,34.215.195.251,1,2022,06,08
1PMs3C13QBace6Xc-DO6wg,34.215.195.251,2,2022,06,09
1PMs3C13QBace6Xc-DO6wg,34.215.195.251,1,2022,06,10
1PMs3C13QBace6Xc-DO6wg,34.215.195.251,1,2022,06,12
1PMs3C13QBace6Xc-DO6wg,34.215.195.251,1,2022,06,13
1PMs3C13QBace6Xc-DO6wg,34.215.195.251,2,2022,06,14
1PMs3C13QBace6Xc-DO6wg,34.238.143.76,5,2022,06,01
1PMs3C13QBace6Xc-DO6wg,34.238.143.76,4,2022,06,02
1PMs3C13QBace6Xc-DO6wg,34.238.143.76,4,2022,06,03
1PMs3C13QBace6Xc-DO6wg,34.238.143.76,3,2022,06,04
1PMs3C13QBace6Xc-DO6wg,34.238.143.76,3,2022,06,05
1PMs3C13QBace6Xc-DO6wg,34.238.143.76,3,2022,06,06
1PMs3C13QBace6Xc-DO6wg,34.238.143.76,3,2022,06,07
1PMs3C13QBace6Xc-DO6wg,34.238.143.76,5,2022,06,08
1PMs3C13QBace6Xc-DO6wg,34.238.143.76,4,2022,06,09
1PMs3C13QBace6Xc-DO6wg,34.238.143.76,2,2022,06,10
1PMs3C13QBace6Xc-DO6wg,34.238.143.76,2,2022,06,12
1PMs3C13QBace6Xc-DO6wg,34.238.143.76,3,2022,06,13
1PMs3C13QBace6Xc-DO6wg,34.238.143.76,1,2022,06,14
1PMs3C13QBace6Xc-DO6wg,38.99.100.2,6,2022,06,01
1PMs3C13QBace6Xc-DO6wg,38.99.100.2,7,2022,06,02
1PMs3C13QBace6Xc-DO6wg,38.99.100.2,6,2022,06,03
1PMs3C13QBace6Xc-DO6wg,38.99.100.2,5,2022,06,04
1PMs3C13QBace6Xc-DO6wg,38.99.100.2,5,2022,06,05
1PMs3C13QBace6Xc-DO6wg,38.99.100.2,4,2022,06,06
1PMs3C13QBace6Xc-DO6wg,38.99.100.2,5,2022,06,07
1PMs3C13QBace6Xc-DO6wg,38.99.100.2,9,2022,06,08
1PMs3C13QBace6Xc-DO6wg,38.99.100.2,7,2022,06,09
1PMs3C13QBace6Xc-DO6wg,38.99.100.2,2,2022,06,10
1PMs3C13QBace6Xc-DO6wg,38.99.100.2,3,2022,06,12
1PMs3C13QBace6Xc-DO6wg,38.99.100.2,6,2022,06,13
1PMs3C13QBace6Xc-DO6wg,38.99.100.2,6,2022,06,14
1YTSivKkQrCXOmlnAUPaJA,2001:559:a4:225::195,1,2022,06,01
1YTSivKkQrCXOmlnAUPaJA,2001:559:a4:225::195,3,2022,06,08
1YTSivKkQrCXOmlnAUPaJA,2001:559:a4:225::195,3,2022,06,09
1YTSivKkQrCXOmlnAUPaJA,2001:559:a4:225::195,1,2022,06,10
1YTSivKkQrCXOmlnAUPaJA,2001:559:a4:225::195,3,2022,06,13
1YTSivKkQrCXOmlnAUPaJA,2001:559:a4:225::195,3,2022,06,14
1YTSivKkQrCXOmlnAUPaJA,34.238.143.76,1,2022,06,06
1YTSivKkQrCXOmlnAUPaJA,38.99.100.2,1,2022,06,01
1YTSivKkQrCXOmlnAUPaJA,38.99.100.2,2,2022,06,02
1YTSivKkQrCXOmlnAUPaJA,38.99.100.2,1,2022,06,04
1YTSivKkQrCXOmlnAUPaJA,38.99.100.2,3,2022,06,06
1YTSivKkQrCXOmlnAUPaJA,38.99.100.2,3,2022,06,07
1YTSivKkQrCXOmlnAUPaJA,38.99.100.2,3,2022,06,08
1YTSivKkQrCXOmlnAUPaJA,38.99.100.2,2,2022,06,09
1YTSivKkQrCXOmlnAUPaJA,38.99.100.2,1,2022,06,10
1YTSivKkQrCXOmlnAUPaJA,38.99.100.2,3,2022,06,13
1YTSivKkQrCXOmlnAUPaJA,38.99.100.2,3,2022,06,14
3zt8ho9cR8i6eFCKtBby8Q,13.52.234.238,6,2022,06,14
3zt8ho9cR8i6eFCKtBby8Q,2001:559:a4:225::195,1,2022,06,14
3zt8ho9cR8i6eFCKtBby8Q,3.228.197.246,1,2022,06,09
3zt8ho9cR8i6eFCKtBby8Q,34.215.195.251,1,2022,06,01
3zt8ho9cR8i6eFCKtBby8Q,34.215.195.251,1,2022,06,02
3zt8ho9cR8i6eFCKtBby8Q,34.215.195.251,2,2022,06,07
3zt8ho9cR8i6eFCKtBby8Q,34.215.195.251,1,2022,06,08
3zt8ho9cR8i6eFCKtBby8Q,34.215.195.251,3,2022,06,09
3zt8ho9cR8i6eFCKtBby8Q,34.215.195.251,1,2022,06,10
3zt8ho9cR8i6eFCKtBby8Q,34.215.195.251,3,2022,06,13
3zt8ho9cR8i6eFCKtBby8Q,34.215.195.251,1,2022,06,14
3zt8ho9cR8i6eFCKtBby8Q,34.238.143.76,7,2022,06,01
3zt8ho9cR8i6eFCKtBby8Q,34.238.143.76,5,2022,06,02
3zt8ho9cR8i6eFCKtBby8Q,34.238.143.76,2,2022,06,05
3zt8ho9cR8i6eFCKtBby8Q,34.238.143.76,5,2022,06,06
3zt8ho9cR8i6eFCKtBby8Q,34.238.143.76,6,2022,06,07
3zt8ho9cR8i6eFCKtBby8Q,34.238.143.76,6,2022,06,08
3zt8ho9cR8i6eFCKtBby8Q,34.238.143.76,6,2022,06,09
3zt8ho9cR8i6eFCKtBby8Q,34.238.143.76,5,2022,06,10
3zt8ho9cR8i6eFCKtBby8Q,34.238.143.76,6,2022,06,13
3zt8ho9cR8i6eFCKtBby8Q,34.238.143.76,5,2022,06,14
3zt8ho9cR8i6eFCKtBby8Q,38.99.100.2,9,2022,06,01
3zt8ho9cR8i6eFCKtBby8Q,38.99.100.2,10,2022,06,02
3zt8ho9cR8i6eFCKtBby8Q,38.99.100.2,1,2022,06,03
3zt8ho9cR8i6eFCKtBby8Q,38.99.100.2,1,2022,06,04
3zt8ho9cR8i6eFCKtBby8Q,38.99.100.2,1,2022,06,05
3zt8ho9cR8i6eFCKtBby8Q,38.99.100.2,11,2022,06,06
3zt8ho9cR8i6eFCKtBby8Q,38.99.100.2,9,2022,06,07
3zt8ho9cR8i6eFCKtBby8Q,38.99.100.2,8,2022,06,08
3zt8ho9cR8i6eFCKtBby8Q,38.99.100.2,10,2022,06,09
3zt8ho9cR8i6eFCKtBby8Q,38.99.100.2,8,2022,06,10
3zt8ho9cR8i6eFCKtBby8Q,38.99.100.2,18,2022,06,13
3zt8ho9cR8i6eFCKtBby8Q,38.99.100.2,13,2022,06,14
3zt8ho9cR8i6eFCKtBby8Q,38.99.100.7,2,2022,06,01
3zt8ho9cR8i6eFCKtBby8Q,38.99.100.7,2,2022,06,02
3zt8ho9cR8i6eFCKtBby8Q,38.99.100.7,2,2022,06,03
3zt8ho9cR8i6eFCKtBby8Q,38.99.100.7,2,2022,06,04
3zt8ho9cR8i6eFCKtBby8Q,38.99.100.7,2,2022,06,05
3zt8ho9cR8i6eFCKtBby8Q,38.99.100.7,2,2022,06,06
3zt8ho9cR8i6eFCKtBby8Q,38.99.100.7,1,2022,06,07
3zt8ho9cR8i6eFCKtBby8Q,38.99.100.7,1,2022,06,08
3zt8ho9cR8i6eFCKtBby8Q,38.99.100.7,2,2022,06,09
3zt8ho9cR8i6eFCKtBby8Q,38.99.100.7,1,2022,06,10
3zt8ho9cR8i6eFCKtBby8Q,38.99.100.7,1,2022,06,13
3zt8ho9cR8i6eFCKtBby8Q,38.99.100.7,2,2022,06,14
3zt8ho9cR8i6eFCKtBby8Q,38.99.114.227,1,2022,06,10
3zt8ho9cR8i6eFCKtBby8Q,52.76.192.139,1,2022,06,09
3zt8ho9cR8i6eFCKtBby8Q,52.76.192.139,1,2022,06,10
3zt8ho9cR8i6eFCKtBby8Q,52.76.192.139,1,2022,06,11
3zt8ho9cR8i6eFCKtBby8Q,52.76.192.139,1,2022,06,12
3zt8ho9cR8i6eFCKtBby8Q,52.76.192.139,1,2022,06,13
3zt8ho9cR8i6eFCKtBby8Q,52.76.192.139,1,2022,06,14
4I4sDxMPTVSwYLdsCGk8PA,13.52.234.238,1,2022,06,14
4I4sDxMPTVSwYLdsCGk8PA,34.215.195.251,1,2022,06,01
4I4sDxMPTVSwYLdsCGk8PA,34.215.195.251,1,2022,06,02
4I4sDxMPTVSwYLdsCGk8PA,34.215.195.251,1,2022,06,03
4I4sDxMPTVSwYLdsCGk8PA,34.215.195.251,1,2022,06,04
4I4sDxMPTVSwYLdsCGk8PA,34.215.195.251,1,2022,06,05
4I4sDxMPTVSwYLdsCGk8PA,34.215.195.251,1,2022,06,07
4I4sDxMPTVSwYLdsCGk8PA,34.215.195.251,1,2022,06,08
4I4sDxMPTVSwYLdsCGk8PA,34.215.195.251,1,2022,06,09
4I4sDxMPTVSwYLdsCGk8PA,34.215.195.251,1,2022,06,12
4I4sDxMPTVSwYLdsCGk8PA,34.215.195.251,1,2022,06,13
4I4sDxMPTVSwYLdsCGk8PA,34.215.195.251,1,2022,06,14
4I4sDxMPTVSwYLdsCGk8PA,34.238.143.76,1,2022,06,01
4I4sDxMPTVSwYLdsCGk8PA,34.238.143.76,1,2022,06,02
4I4sDxMPTVSwYLdsCGk8PA,34.238.143.76,1,2022,06,03
4I4sDxMPTVSwYLdsCGk8PA,34.238.143.76,1,2022,06,04
4I4sDxMPTVSwYLdsCGk8PA,34.238.143.76,1,2022,06,05
4I4sDxMPTVSwYLdsCGk8PA,34.238.143.76,1,2022,06,06
4I4sDxMPTVSwYLdsCGk8PA,34.238.143.76,1,2022,06,07
4I4sDxMPTVSwYLdsCGk8PA,34.238.143.76,1,2022,06,08
4I4sDxMPTVSwYLdsCGk8PA,34.238.143.76,1,2022,06,09
4I4sDxMPTVSwYLdsCGk8PA,34.238.143.76,1,2022,06,12
4I4sDxMPTVSwYLdsCGk8PA,34.238.143.76,1,2022,06,13
4I4sDxMPTVSwYLdsCGk8PA,38.99.100.2,4,2022,06,01
4I4sDxMPTVSwYLdsCGk8PA,38.99.100.2,6,2022,06,02
4I4sDxMPTVSwYLdsCGk8PA,38.99.100.2,5,2022,06,03
4I4sDxMPTVSwYLdsCGk8PA,38.99.100.2,4,2022,06,04
4I4sDxMPTVSwYLdsCGk8PA,38.99.100.2,4,2022,06,05
4I4sDxMPTVSwYLdsCGk8PA,38.99.100.2,3,2022,06,06
4I4sDxMPTVSwYLdsCGk8PA,38.99.100.2,6,2022,06,07
4I4sDxMPTVSwYLdsCGk8PA,38.99.100.2,5,2022,06,08
4I4sDxMPTVSwYLdsCGk8PA,38.99.100.2,5,2022,06,09
4I4sDxMPTVSwYLdsCGk8PA,38.99.100.2,4,2022,06,12
4I4sDxMPTVSwYLdsCGk8PA,38.99.100.2,4,2022,06,13
4I4sDxMPTVSwYLdsCGk8PA,38.99.100.2,5,2022,06,14
4tW7IarTR-GHmb_4speHwg,34.238.143.76,1,2022,06,07
4tW7IarTR-GHmb_4speHwg,34.238.143.76,1,2022,06,08
4tW7IarTR-GHmb_4speHwg,34.238.143.76,1,2022,06,13
4tW7IarTR-GHmb_4speHwg,34.238.143.76,1,2022,06,14
4tW7IarTR-GHmb_4speHwg,38.99.100.2,2,2022,06,01
4tW7IarTR-GHmb_4speHwg,38.99.100.2,3,2022,06,02
4tW7IarTR-GHmb_4speHwg,38.99.100.2,2,2022,06,03
4tW7IarTR-GHmb_4speHwg,38.99.100.2,2,2022,06,04
4tW7IarTR-GHmb_4speHwg,38.99.100.2,1,2022,06,05
4tW7IarTR-GHmb_4speHwg,38.99.100.2,4,2022,06,06
4tW7IarTR-GHmb_4speHwg,38.99.100.2,5,2022,06,07
4tW7IarTR-GHmb_4speHwg,38.99.100.2,5,2022,06,08
4tW7IarTR-GHmb_4speHwg,38.99.100.2,2,2022,06,09
4tW7IarTR-GHmb_4speHwg,38.99.100.2,4,2022,06,10
4tW7IarTR-GHmb_4speHwg,38.99.100.2,2,2022,06,12
4tW7IarTR-GHmb_4speHwg,38.99.100.2,5,2022,06,13
4tW7IarTR-GHmb_4speHwg,38.99.100.2,5,2022,06,14
8emmj7QmTB6-CSPoiaqRkw,13.52.234.238,1,2022,06,14
8emmj7QmTB6-CSPoiaqRkw,2001:559:a4:225::195,1,2022,06,01
8emmj7QmTB6-CSPoiaqRkw,34.215.195.251,1,2022,06,09
8emmj7QmTB6-CSPoiaqRkw,34.238.143.76,1,2022,06,01
8emmj7QmTB6-CSPoiaqRkw,34.238.143.76,2,2022,06,02
8emmj7QmTB6-CSPoiaqRkw,34.238.143.76,2,2022,06,06
8emmj7QmTB6-CSPoiaqRkw,34.238.143.76,2,2022,06,07
8emmj7QmTB6-CSPoiaqRkw,34.238.143.76,2,2022,06,08
8emmj7QmTB6-CSPoiaqRkw,34.238.143.76,1,2022,06,09
8emmj7QmTB6-CSPoiaqRkw,34.238.143.76,1,2022,06,10
8emmj7QmTB6-CSPoiaqRkw,34.238.143.76,1,2022,06,13
8emmj7QmTB6-CSPoiaqRkw,34.238.143.76,1,2022,06,14
8emmj7QmTB6-CSPoiaqRkw,38.99.100.2,3,2022,06,01
8emmj7QmTB6-CSPoiaqRkw,38.99.100.2,4,2022,06,02
8emmj7QmTB6-CSPoiaqRkw,38.99.100.2,1,2022,06,03
8emmj7QmTB6-CSPoiaqRkw,38.99.100.2,1,2022,06,04
8emmj7QmTB6-CSPoiaqRkw,38.99.100.2,4,2022,06,06
8emmj7QmTB6-CSPoiaqRkw,38.99.100.2,6,2022,06,07
8emmj7QmTB6-CSPoiaqRkw,38.99.100.2,4,2022,06,08
8emmj7QmTB6-CSPoiaqRkw,38.99.100.2,1,2022,06,09
8emmj7QmTB6-CSPoiaqRkw,38.99.100.2,2,2022,06,10
8emmj7QmTB6-CSPoiaqRkw,38.99.100.2,4,2022,06,13
8emmj7QmTB6-CSPoiaqRkw,38.99.100.2,4,2022,06,14
8emmj7QmTB6-CSPoiaqRkw,52.220.255.171,1,2022,06,13
8emmj7QmTB6-CSPoiaqRkw,52.220.255.171,1,2022,06,14
8emmj7QmTB6-CSPoiaqRkw,52.74.225.218,1,2022,06,06
8emmj7QmTB6-CSPoiaqRkw,52.74.225.218,1,2022,06,13
8emmj7QmTB6-CSPoiaqRkw,52.74.225.218,1,2022,06,14
8emmj7QmTB6-CSPoiaqRkw,52.76.116.153,1,2022,06,14
8emmj7QmTB6-CSPoiaqRkw,54.179.122.232,2,2022,06,13
8emmj7QmTB6-CSPoiaqRkw,54.179.122.232,1,2022,06,14
97IYU62bTpSY66_pir2PgA,13.110.78.8,1,2022,06,06
97IYU62bTpSY66_pir2PgA,13.52.234.238,9,2022,06,14
97IYU62bTpSY66_pir2PgA,2001:559:a4:225::195,2,2022,06,01
97IYU62bTpSY66_pir2PgA,2001:559:a4:225::195,4,2022,06,02
97IYU62bTpSY66_pir2PgA,2001:559:a4:225::195,1,2022,06,03
97IYU62bTpSY66_pir2PgA,2001:559:a4:225::195,1,2022,06,05
97IYU62bTpSY66_pir2PgA,2001:559:a4:225::195,1,2022,06,06
97IYU62bTpSY66_pir2PgA,2001:559:a4:225::195,2,2022,06,07
97IYU62bTpSY66_pir2PgA,2001:559:a4:225::195,3,2022,06,08
97IYU62bTpSY66_pir2PgA,2001:559:a4:225::195,4,2022,06,09
97IYU62bTpSY66_pir2PgA,2001:559:a4:225::195,1,2022,06,13
97IYU62bTpSY66_pir2PgA,2001:559:a4:225::195,1,2022,06,14
97IYU62bTpSY66_pir2PgA,2001:559:a4:227:9d86:c4da:d756:714,1,2022,06,07
97IYU62bTpSY66_pir2PgA,2001:559:a4:227:9d86:c4da:d756:714,1,2022,06,08
97IYU62bTpSY66_pir2PgA,2001:559:a4:227:cd6f:b784:1173:1a64,1,2022,06,08
97IYU62bTpSY66_pir2PgA,2001:559:a4:227:cd6f:b784:1173:1a64,2,2022,06,09
97IYU62bTpSY66_pir2PgA,2001:559:a4:227:cd6f:b784:1173:1a64,1,2022,06,10
97IYU62bTpSY66_pir2PgA,2001:559:a4:227:cd6f:b784:1173:1a64,1,2022,06,13
97IYU62bTpSY66_pir2PgA,2001:559:a4:227:cd6f:b784:1173:1a64,1,2022,06,14
97IYU62bTpSY66_pir2PgA,2001:559:a4:228:2863:1922:ff67:8bf0,2,2022,06,06
97IYU62bTpSY66_pir2PgA,2001:559:a4:228:396a:6f59:941f:5e4d,3,2022,06,09
97IYU62bTpSY66_pir2PgA,2001:559:a4:228:44fc:4964:6298:ee2,2,2022,06,09
97IYU62bTpSY66_pir2PgA,2001:559:a4:228:e083:9c7a:6cb2:fc3d,1,2022,06,09
97IYU62bTpSY66_pir2PgA,2001:559:a4:236:6592:69f2:e143:a38c,1,2022,06,08
97IYU62bTpSY66_pir2PgA,2001:559:a4:236:9c7a:2700:2eab:cdcb,1,2022,06,13
97IYU62bTpSY66_pir2PgA,2001:559:a4:236:9c7a:2700:2eab:cdcb,1,2022,06,14
97IYU62bTpSY66_pir2PgA,2001:559:a4:236:cdb2:72c4:6c84:32a5,1,2022,06,14
97IYU62bTpSY66_pir2PgA,2001:559:a4:236:fcd5:200:4d4:6bf2,1,2022,06,09
97IYU62bTpSY66_pir2PgA,2001:559:a4:238:3dc9:bbf2:d723:3683,1,2022,06,07
97IYU62bTpSY66_pir2PgA,2001:559:a4:23b:90f9:a027:dc43:e45b,1,2022,06,13
97IYU62bTpSY66_pir2PgA,2001:559:a4:23b:d8a7:c5ae:9bec:ae77,1,2022,06,13
97IYU62bTpSY66_pir2PgA,3.228.197.246,1,2022,06,07
97IYU62bTpSY66_pir2PgA,3.228.197.246,1,2022,06,09
97IYU62bTpSY66_pir2PgA,34.215.195.251,9,2022,06,01
97IYU62bTpSY66_pir2PgA,34.215.195.251,8,2022,06,02
97IYU62bTpSY66_pir2PgA,34.215.195.251,1,2022,06,03
97IYU62bTpSY66_pir2PgA,34.215.195.251,2,2022,06,04
97IYU62bTpSY66_pir2PgA,34.215.195.251,14,2022,06,06
97IYU62bTpSY66_pir2PgA,34.215.195.251,3,2022,06,07
97IYU62bTpSY66_pir2PgA,34.215.195.251,7,2022,06,08
97IYU62bTpSY66_pir2PgA,34.215.195.251,10,2022,06,09
97IYU62bTpSY66_pir2PgA,34.215.195.251,2,2022,06,10
97IYU62bTpSY66_pir2PgA,34.215.195.251,1,2022,06,11
97IYU62bTpSY66_pir2PgA,34.215.195.251,4,2022,06,13
97IYU62bTpSY66_pir2PgA,34.215.195.251,8,2022,06,14
97IYU62bTpSY66_pir2PgA,34.238.143.76,72,2022,06,01
97IYU62bTpSY66_pir2PgA,34.238.143.76,64,2022,06,02
97IYU62bTpSY66_pir2PgA,34.238.143.76,9,2022,06,03
97IYU62bTpSY66_pir2PgA,34.238.143.76,15,2022,06,04
97IYU62bTpSY66_pir2PgA,34.238.143.76,18,2022,06,05
97IYU62bTpSY66_pir2PgA,34.238.143.76,81,2022,06,06
97IYU62bTpSY66_pir2PgA,34.238.143.76,79,2022,06,07
97IYU62bTpSY66_pir2PgA,34.238.143.76,146,2022,06,08
97IYU62bTpSY66_pir2PgA,34.238.143.76,96,2022,06,09
97IYU62bTpSY66_pir2PgA,34.238.143.76,67,2022,06,10
97IYU62bTpSY66_pir2PgA,34.238.143.76,34,2022,06,11
97IYU62bTpSY66_pir2PgA,34.238.143.76,15,2022,06,12
97IYU62bTpSY66_pir2PgA,34.238.143.76,60,2022,06,13
97IYU62bTpSY66_pir2PgA,34.238.143.76,62,2022,06,14
97IYU62bTpSY66_pir2PgA,38.99.100.2,93,2022,06,01
97IYU62bTpSY66_pir2PgA,38.99.100.2,82,2022,06,02
97IYU62bTpSY66_pir2PgA,38.99.100.2,24,2022,06,03
97IYU62bTpSY66_pir2PgA,38.99.100.2,22,2022,06,04
97IYU62bTpSY66_pir2PgA,38.99.100.2,24,2022,06,05
97IYU62bTpSY66_pir2PgA,38.99.100.2,90,2022,06,06
97IYU62bTpSY66_pir2PgA,38.99.100.2,99,2022,06,07
97IYU62bTpSY66_pir2PgA,38.99.100.2,160,2022,06,08
97IYU62bTpSY66_pir2PgA,38.99.100.2,114,2022,06,09
97IYU62bTpSY66_pir2PgA,38.99.100.2,73,2022,06,10
97IYU62bTpSY66_pir2PgA,38.99.100.2,46,2022,06,11
97IYU62bTpSY66_pir2PgA,38.99.100.2,18,2022,06,12
97IYU62bTpSY66_pir2PgA,38.99.100.2,84,2022,06,13
97IYU62bTpSY66_pir2PgA,38.99.100.2,71,2022,06,14
97IYU62bTpSY66_pir2PgA,38.99.100.7,4,2022,06,01
97IYU62bTpSY66_pir2PgA,38.99.100.7,6,2022,06,02
97IYU62bTpSY66_pir2PgA,38.99.100.7,4,2022,06,03
97IYU62bTpSY66_pir2PgA,38.99.100.7,2,2022,06,04
97IYU62bTpSY66_pir2PgA,38.99.100.7,5,2022,06,06
97IYU62bTpSY66_pir2PgA,38.99.100.7,6,2022,06,07
97IYU62bTpSY66_pir2PgA,38.99.100.7,5,2022,06,08
97IYU62bTpSY66_pir2PgA,38.99.100.7,8,2022,06,09
97IYU62bTpSY66_pir2PgA,38.99.100.7,9,2022,06,10
97IYU62bTpSY66_pir2PgA,38.99.100.7,1,2022,06,12
97IYU62bTpSY66_pir2PgA,38.99.100.7,3,2022,06,13
97IYU62bTpSY66_pir2PgA,38.99.100.7,6,2022,06,14
97IYU62bTpSY66_pir2PgA,52.74.225.218,1,2022,06,01
97IYU62bTpSY66_pir2PgA,52.76.116.153,1,2022,06,01
97IYU62bTpSY66_pir2PgA,52.76.116.153,1,2022,06,10
97IYU62bTpSY66_pir2PgA,52.76.116.153,1,2022,06,14
C7SHSvPfT6Sp_7LE8lNMmg,18.205.35.125,1,2022,06,01
C7SHSvPfT6Sp_7LE8lNMmg,18.205.35.125,1,2022,06,02
C7SHSvPfT6Sp_7LE8lNMmg,18.205.35.125,2,2022,06,06
C7SHSvPfT6Sp_7LE8lNMmg,18.215.88.65,1,2022,06,02
C7SHSvPfT6Sp_7LE8lNMmg,18.215.88.65,1,2022,06,05
C7SHSvPfT6Sp_7LE8lNMmg,18.215.88.65,1,2022,06,06
C7SHSvPfT6Sp_7LE8lNMmg,18.215.88.65,1,2022,06,07
C7SHSvPfT6Sp_7LE8lNMmg,18.215.88.65,1,2022,06,08
C7SHSvPfT6Sp_7LE8lNMmg,18.215.88.65,1,2022,06,09
C7SHSvPfT6Sp_7LE8lNMmg,18.215.88.65,1,2022,06,10
C7SHSvPfT6Sp_7LE8lNMmg,18.215.88.65,1,2022,06,11
C7SHSvPfT6Sp_7LE8lNMmg,18.215.88.65,1,2022,06,13
C7SHSvPfT6Sp_7LE8lNMmg,18.215.88.65,1,2022,06,14
C7SHSvPfT6Sp_7LE8lNMmg,34.215.195.251,2,2022,06,02
C7SHSvPfT6Sp_7LE8lNMmg,34.215.195.251,1,2022,06,06
C7SHSvPfT6Sp_7LE8lNMmg,34.215.195.251,1,2022,06,09
C7SHSvPfT6Sp_7LE8lNMmg,34.215.195.251,1,2022,06,13
C7SHSvPfT6Sp_7LE8lNMmg,34.215.195.251,2,2022,06,14
C7SHSvPfT6Sp_7LE8lNMmg,34.238.143.76,1,2022,06,01
C7SHSvPfT6Sp_7LE8lNMmg,34.238.143.76,1,2022,06,02
C7SHSvPfT6Sp_7LE8lNMmg,34.238.143.76,1,2022,06,06
C7SHSvPfT6Sp_7LE8lNMmg,34.238.143.76,1,2022,06,07
C7SHSvPfT6Sp_7LE8lNMmg,34.238.143.76,1,2022,06,08
C7SHSvPfT6Sp_7LE8lNMmg,34.238.143.76,2,2022,06,09
C7SHSvPfT6Sp_7LE8lNMmg,34.238.143.76,1,2022,06,10
C7SHSvPfT6Sp_7LE8lNMmg,34.238.143.76,1,2022,06,13
C7SHSvPfT6Sp_7LE8lNMmg,34.238.143.76,1,2022,06,14
C7SHSvPfT6Sp_7LE8lNMmg,38.99.100.2,5,2022,06,01
C7SHSvPfT6Sp_7LE8lNMmg,38.99.100.2,5,2022,06,02
C7SHSvPfT6Sp_7LE8lNMmg,38.99.100.2,2,2022,06,03
C7SHSvPfT6Sp_7LE8lNMmg,38.99.100.2,2,2022,06,04
C7SHSvPfT6Sp_7LE8lNMmg,38.99.100.2,2,2022,06,05
C7SHSvPfT6Sp_7LE8lNMmg,38.99.100.2,7,2022,06,06
C7SHSvPfT6Sp_7LE8lNMmg,38.99.100.2,4,2022,06,07
C7SHSvPfT6Sp_7LE8lNMmg,38.99.100.2,39,2022,06,08
C7SHSvPfT6Sp_7LE8lNMmg,38.99.100.2,4,2022,06,09
C7SHSvPfT6Sp_7LE8lNMmg,38.99.100.2,6,2022,06,10
C7SHSvPfT6Sp_7LE8lNMmg,38.99.100.2,2,2022,06,11
C7SHSvPfT6Sp_7LE8lNMmg,38.99.100.2,2,2022,06,12
C7SHSvPfT6Sp_7LE8lNMmg,38.99.100.2,5,2022,06,13
C7SHSvPfT6Sp_7LE8lNMmg,38.99.100.2,6,2022,06,14
C7SHSvPfT6Sp_7LE8lNMmg,52.74.225.218,1,2022,06,01
C7SHSvPfT6Sp_7LE8lNMmg,52.74.225.218,1,2022,06,07
C7SHSvPfT6Sp_7LE8lNMmg,52.76.116.153,1,2022,06,02
C7SHSvPfT6Sp_7LE8lNMmg,52.76.116.153,1,2022,06,07
C7SHSvPfT6Sp_7LE8lNMmg,54.179.122.232,1,2022,06,02
DakM9BF0SGGgR5X3zr08Nw,2001:559:a4:23b:b0e4:c28f:2118:c87,3,2022,06,01
DakM9BF0SGGgR5X3zr08Nw,2001:559:a4:23b:cbf:167e:7f45:5172,3,2022,06,10
DakM9BF0SGGgR5X3zr08Nw,2001:559:a4:23b:d0ce:a2b:e30e:7bcf,1,2022,06,13
DakM9BF0SGGgR5X3zr08Nw,2001:559:a4:23b:e156:9968:a028:da14,3,2022,06,02
DakM9BF0SGGgR5X3zr08Nw,2001:559:a4:23b:e156:9968:a028:da14,1,2022,06,07
DakM9BF0SGGgR5X3zr08Nw,3.228.197.246,1,2022,06,10
DakM9BF0SGGgR5X3zr08Nw,34.215.195.251,2,2022,06,01
DakM9BF0SGGgR5X3zr08Nw,34.215.195.251,1,2022,06,02
DakM9BF0SGGgR5X3zr08Nw,34.215.195.251,1,2022,06,13
DakM9BF0SGGgR5X3zr08Nw,34.238.143.76,3,2022,06,01
DakM9BF0SGGgR5X3zr08Nw,34.238.143.76,1,2022,06,02
DakM9BF0SGGgR5X3zr08Nw,34.238.143.76,1,2022,06,05
DakM9BF0SGGgR5X3zr08Nw,34.238.143.76,2,2022,06,06
DakM9BF0SGGgR5X3zr08Nw,34.238.143.76,1,2022,06,07
DakM9BF0SGGgR5X3zr08Nw,34.238.143.76,2,2022,06,08
DakM9BF0SGGgR5X3zr08Nw,34.238.143.76,2,2022,06,09
DakM9BF0SGGgR5X3zr08Nw,34.238.143.76,2,2022,06,10
DakM9BF0SGGgR5X3zr08Nw,34.238.143.76,2,2022,06,13
DakM9BF0SGGgR5X3zr08Nw,34.238.143.76,1,2022,06,14
DakM9BF0SGGgR5X3zr08Nw,38.99.100.2,10,2022,06,01
DakM9BF0SGGgR5X3zr08Nw,38.99.100.2,9,2022,06,02
DakM9BF0SGGgR5X3zr08Nw,38.99.100.2,3,2022,06,05
DakM9BF0SGGgR5X3zr08Nw,38.99.100.2,9,2022,06,06
DakM9BF0SGGgR5X3zr08Nw,38.99.100.2,6,2022,06,07
DakM9BF0SGGgR5X3zr08Nw,38.99.100.2,3,2022,06,08
DakM9BF0SGGgR5X3zr08Nw,38.99.100.2,4,2022,06,09
DakM9BF0SGGgR5X3zr08Nw,38.99.100.2,7,2022,06,10
DakM9BF0SGGgR5X3zr08Nw,38.99.100.2,10,2022,06,13
DakM9BF0SGGgR5X3zr08Nw,38.99.100.2,9,2022,06,14
DakM9BF0SGGgR5X3zr08Nw,52.74.225.218,1,2022,06,10
DakM9BF0SGGgR5X3zr08Nw,54.179.122.232,1,2022,06,10
DjrNQ0_GQQyVC3_dNS1aXA,18.138.183.50,1,2022,06,02
DjrNQ0_GQQyVC3_dNS1aXA,3.228.197.246,1,2022,06,08
DjrNQ0_GQQyVC3_dNS1aXA,3.228.197.246,2,2022,06,09
DjrNQ0_GQQyVC3_dNS1aXA,3.228.197.246,1,2022,06,10
DjrNQ0_GQQyVC3_dNS1aXA,3.228.197.246,1,2022,06,14
DjrNQ0_GQQyVC3_dNS1aXA,34.238.143.76,2,2022,06,01
DjrNQ0_GQQyVC3_dNS1aXA,34.238.143.76,2,2022,06,02
DjrNQ0_GQQyVC3_dNS1aXA,34.238.143.76,2,2022,06,06
DjrNQ0_GQQyVC3_dNS1aXA,34.238.143.76,2,2022,06,07
DjrNQ0_GQQyVC3_dNS1aXA,34.238.143.76,2,2022,06,08
DjrNQ0_GQQyVC3_dNS1aXA,34.238.143.76,2,2022,06,09
DjrNQ0_GQQyVC3_dNS1aXA,34.238.143.76,2,2022,06,10
DjrNQ0_GQQyVC3_dNS1aXA,34.238.143.76,2,2022,06,13
DjrNQ0_GQQyVC3_dNS1aXA,34.238.143.76,2,2022,06,14
DjrNQ0_GQQyVC3_dNS1aXA,38.99.100.2,3,2022,06,01
DjrNQ0_GQQyVC3_dNS1aXA,38.99.100.2,2,2022,06,02
DjrNQ0_GQQyVC3_dNS1aXA,38.99.100.2,2,2022,06,06
DjrNQ0_GQQyVC3_dNS1aXA,38.99.100.2,3,2022,06,07
DjrNQ0_GQQyVC3_dNS1aXA,38.99.100.2,3,2022,06,08
DjrNQ0_GQQyVC3_dNS1aXA,38.99.100.2,2,2022,06,09
DjrNQ0_GQQyVC3_dNS1aXA,38.99.100.2,3,2022,06,10
DjrNQ0_GQQyVC3_dNS1aXA,38.99.100.2,2,2022,06,13
DjrNQ0_GQQyVC3_dNS1aXA,38.99.100.2,2,2022,06,14
DjrNQ0_GQQyVC3_dNS1aXA,38.99.100.7,1,2022,06,01
DjrNQ0_GQQyVC3_dNS1aXA,52.76.192.139,1,2022,06,02
DjrNQ0_GQQyVC3_dNS1aXA,52.76.192.139,1,2022,06,03
DjrNQ0_GQQyVC3_dNS1aXA,52.76.192.139,1,2022,06,04
DjrNQ0_GQQyVC3_dNS1aXA,52.76.192.139,1,2022,06,05
DjrNQ0_GQQyVC3_dNS1aXA,52.76.192.139,1,2022,06,06
DjrNQ0_GQQyVC3_dNS1aXA,52.76.192.139,1,2022,06,07
DjrNQ0_GQQyVC3_dNS1aXA,52.76.192.139,1,2022,06,09
DjrNQ0_GQQyVC3_dNS1aXA,52.76.192.139,1,2022,06,10
DjrNQ0_GQQyVC3_dNS1aXA,52.76.192.139,1,2022,06,11
DjrNQ0_GQQyVC3_dNS1aXA,52.76.192.139,1,2022,06,12
DjrNQ0_GQQyVC3_dNS1aXA,52.76.192.139,1,2022,06,13
DjrNQ0_GQQyVC3_dNS1aXA,52.76.192.139,1,2022,06,14
Dt_we4tzRt-RcR5rsQ3nKA,34.215.195.251,1,2022,06,06
Dt_we4tzRt-RcR5rsQ3nKA,34.215.195.251,1,2022,06,07
Dt_we4tzRt-RcR5rsQ3nKA,34.215.195.251,2,2022,06,09
Dt_we4tzRt-RcR5rsQ3nKA,34.215.195.251,2,2022,06,13
Dt_we4tzRt-RcR5rsQ3nKA,34.215.195.251,2,2022,06,14
Dt_we4tzRt-RcR5rsQ3nKA,34.238.143.76,2,2022,06,01
Dt_we4tzRt-RcR5rsQ3nKA,34.238.143.76,2,2022,06,02
Dt_we4tzRt-RcR5rsQ3nKA,34.238.143.76,1,2022,06,04
Dt_we4tzRt-RcR5rsQ3nKA,34.238.143.76,1,2022,06,05
Dt_we4tzRt-RcR5rsQ3nKA,34.238.143.76,2,2022,06,06
Dt_we4tzRt-RcR5rsQ3nKA,34.238.143.76,2,2022,06,07
Dt_we4tzRt-RcR5rsQ3nKA,34.238.143.76,2,2022,06,08
Dt_we4tzRt-RcR5rsQ3nKA,34.238.143.76,2,2022,06,09
Dt_we4tzRt-RcR5rsQ3nKA,34.238.143.76,2,2022,06,10
Dt_we4tzRt-RcR5rsQ3nKA,34.238.143.76,1,2022,06,11
Dt_we4tzRt-RcR5rsQ3nKA,34.238.143.76,2,2022,06,12
Dt_we4tzRt-RcR5rsQ3nKA,34.238.143.76,2,2022,06,13
Dt_we4tzRt-RcR5rsQ3nKA,34.238.143.76,2,2022,06,14
Dt_we4tzRt-RcR5rsQ3nKA,38.99.100.2,5,2022,06,01
Dt_we4tzRt-RcR5rsQ3nKA,38.99.100.2,6,2022,06,02
Dt_we4tzRt-RcR5rsQ3nKA,38.99.100.2,4,2022,06,03
Dt_we4tzRt-RcR5rsQ3nKA,38.99.100.2,2,2022,06,04
Dt_we4tzRt-RcR5rsQ3nKA,38.99.100.2,2,2022,06,05
Dt_we4tzRt-RcR5rsQ3nKA,38.99.100.2,9,2022,06,06
Dt_we4tzRt-RcR5rsQ3nKA,38.99.100.2,4,2022,06,07
Dt_we4tzRt-RcR5rsQ3nKA,38.99.100.2,2,2022,06,08
Dt_we4tzRt-RcR5rsQ3nKA,38.99.100.2,5,2022,06,09
Dt_we4tzRt-RcR5rsQ3nKA,38.99.100.2,2,2022,06,10
Dt_we4tzRt-RcR5rsQ3nKA,38.99.100.2,2,2022,06,11
Dt_we4tzRt-RcR5rsQ3nKA,38.99.100.2,2,2022,06,12
Dt_we4tzRt-RcR5rsQ3nKA,38.99.100.2,5,2022,06,13
Dt_we4tzRt-RcR5rsQ3nKA,38.99.100.2,5,2022,06,14
EJK40hdJR_KHtCPJKZRIrA,13.52.234.238,1,2022,06,14
EJK40hdJR_KHtCPJKZRIrA,2001:559:a4:225::195,1,2022,06,14
EJK40hdJR_KHtCPJKZRIrA,2001:559:a4:228:fdab:b72:d0c3:26bc,4,2022,06,14
EJK40hdJR_KHtCPJKZRIrA,3.228.197.246,1,2022,06,10
EJK40hdJR_KHtCPJKZRIrA,34.215.195.251,1,2022,06,01
EJK40hdJR_KHtCPJKZRIrA,34.215.195.251,1,2022,06,02
EJK40hdJR_KHtCPJKZRIrA,34.215.195.251,1,2022,06,06
EJK40hdJR_KHtCPJKZRIrA,34.215.195.251,1,2022,06,08
EJK40hdJR_KHtCPJKZRIrA,34.215.195.251,1,2022,06,09
EJK40hdJR_KHtCPJKZRIrA,34.215.195.251,1,2022,06,10
EJK40hdJR_KHtCPJKZRIrA,34.215.195.251,1,2022,06,13
EJK40hdJR_KHtCPJKZRIrA,34.238.143.76,1,2022,06,09
EJK40hdJR_KHtCPJKZRIrA,38.99.100.2,5,2022,06,01
EJK40hdJR_KHtCPJKZRIrA,38.99.100.2,4,2022,06,02
EJK40hdJR_KHtCPJKZRIrA,38.99.100.2,1,2022,06,05
EJK40hdJR_KHtCPJKZRIrA,38.99.100.2,8,2022,06,06
EJK40hdJR_KHtCPJKZRIrA,38.99.100.2,3,2022,06,07
EJK40hdJR_KHtCPJKZRIrA,38.99.100.2,4,2022,06,08
EJK40hdJR_KHtCPJKZRIrA,38.99.100.2,5,2022,06,09
EJK40hdJR_KHtCPJKZRIrA,38.99.100.2,5,2022,06,10
EJK40hdJR_KHtCPJKZRIrA,38.99.100.2,2,2022,06,12
EJK40hdJR_KHtCPJKZRIrA,38.99.100.2,7,2022,06,13
EJK40hdJR_KHtCPJKZRIrA,38.99.100.2,6,2022,06,14
EJK40hdJR_KHtCPJKZRIrA,52.74.225.218,1,2022,06,06
EJK40hdJR_KHtCPJKZRIrA,52.74.225.218,1,2022,06,09
EJK40hdJR_KHtCPJKZRIrA,52.74.225.218,1,2022,06,10
EJK40hdJR_KHtCPJKZRIrA,52.76.116.153,1,2022,06,02
EJK40hdJR_KHtCPJKZRIrA,52.76.116.153,1,2022,06,06
EJK40hdJR_KHtCPJKZRIrA,52.76.192.139,1,2022,06,06
EJK40hdJR_KHtCPJKZRIrA,54.179.122.232,1,2022,06,02
EJK40hdJR_KHtCPJKZRIrA,54.179.122.232,1,2022,06,06
EJK40hdJR_KHtCPJKZRIrA,54.179.122.232,1,2022,06,09
EJK40hdJR_KHtCPJKZRIrA,54.179.122.232,1,2022,06,10
FU5PbbQOQOGvr419yP7Ytw,34.215.195.251,1,2022,06,01
FU5PbbQOQOGvr419yP7Ytw,34.215.195.251,1,2022,06,09
FU5PbbQOQOGvr419yP7Ytw,34.215.195.251,1,2022,06,13
FU5PbbQOQOGvr419yP7Ytw,34.215.195.251,1,2022,06,14
FU5PbbQOQOGvr419yP7Ytw,34.238.143.76,1,2022,06,01
FU5PbbQOQOGvr419yP7Ytw,34.238.143.76,1,2022,06,02
FU5PbbQOQOGvr419yP7Ytw,34.238.143.76,1,2022,06,06
FU5PbbQOQOGvr419yP7Ytw,34.238.143.76,1,2022,06,07
FU5PbbQOQOGvr419yP7Ytw,34.238.143.76,1,2022,06,08
FU5PbbQOQOGvr419yP7Ytw,34.238.143.76,1,2022,06,09
FU5PbbQOQOGvr419yP7Ytw,34.238.143.76,1,2022,06,10
FU5PbbQOQOGvr419yP7Ytw,34.238.143.76,1,2022,06,13
FU5PbbQOQOGvr419yP7Ytw,34.238.143.76,1,2022,06,14
FU5PbbQOQOGvr419yP7Ytw,38.99.100.2,4,2022,06,01
FU5PbbQOQOGvr419yP7Ytw,38.99.100.2,4,2022,06,02
FU5PbbQOQOGvr419yP7Ytw,38.99.100.2,5,2022,06,06
FU5PbbQOQOGvr419yP7Ytw,38.99.100.2,3,2022,06,07
FU5PbbQOQOGvr419yP7Ytw,38.99.100.2,4,2022,06,08
FU5PbbQOQOGvr419yP7Ytw,38.99.100.2,2,2022,06,09
FU5PbbQOQOGvr419yP7Ytw,38.99.100.2,1,2022,06,10
FU5PbbQOQOGvr419yP7Ytw,38.99.100.2,1,2022,06,11
FU5PbbQOQOGvr419yP7Ytw,38.99.100.2,1,2022,06,12
FU5PbbQOQOGvr419yP7Ytw,38.99.100.2,1,2022,06,13
FU5PbbQOQOGvr419yP7Ytw,38.99.100.2,3,2022,06,14
FU5PbbQOQOGvr419yP7Ytw,38.99.100.7,1,2022,06,01
FU5PbbQOQOGvr419yP7Ytw,52.76.192.139,1,2022,06,02
FU5PbbQOQOGvr419yP7Ytw,52.76.192.139,1,2022,06,06
FU5PbbQOQOGvr419yP7Ytw,52.76.192.139,1,2022,06,07
FU5PbbQOQOGvr419yP7Ytw,52.76.192.139,1,2022,06,08
FU5PbbQOQOGvr419yP7Ytw,52.76.192.139,1,2022,06,09
FU5PbbQOQOGvr419yP7Ytw,52.76.192.139,1,2022,06,10
FU5PbbQOQOGvr419yP7Ytw,52.76.192.139,1,2022,06,14
Fp0ROfWhR9S47xjq40LhPw,34.238.143.76,1,2022,06,01
Fp0ROfWhR9S47xjq40LhPw,34.238.143.76,1,2022,06,07
Fp0ROfWhR9S47xjq40LhPw,34.238.143.76,1,2022,06,08
Fp0ROfWhR9S47xjq40LhPw,34.238.143.76,1,2022,06,09
Fp0ROfWhR9S47xjq40LhPw,34.238.143.76,1,2022,06,10
Fp0ROfWhR9S47xjq40LhPw,34.238.143.76,1,2022,06,12
Fp0ROfWhR9S47xjq40LhPw,34.238.143.76,1,2022,06,13
Fp0ROfWhR9S47xjq40LhPw,38.99.100.2,6,2022,06,01
Fp0ROfWhR9S47xjq40LhPw,38.99.100.2,5,2022,06,02
Fp0ROfWhR9S47xjq40LhPw,38.99.100.2,3,2022,06,03
Fp0ROfWhR9S47xjq40LhPw,38.99.100.2,3,2022,06,04
Fp0ROfWhR9S47xjq40LhPw,38.99.100.2,3,2022,06,05
Fp0ROfWhR9S47xjq40LhPw,38.99.100.2,4,2022,06,06
Fp0ROfWhR9S47xjq40LhPw,38.99.100.2,4,2022,06,07
Fp0ROfWhR9S47xjq40LhPw,38.99.100.2,5,2022,06,08
Fp0ROfWhR9S47xjq40LhPw,38.99.100.2,3,2022,06,09
Fp0ROfWhR9S47xjq40LhPw,38.99.100.2,10,2022,06,10
Fp0ROfWhR9S47xjq40LhPw,38.99.100.2,4,2022,06,11
Fp0ROfWhR9S47xjq40LhPw,38.99.100.2,1,2022,06,12
Fp0ROfWhR9S47xjq40LhPw,38.99.100.2,3,2022,06,13
Fp0ROfWhR9S47xjq40LhPw,38.99.100.2,9,2022,06,14
Fp0ROfWhR9S47xjq40LhPw,38.99.100.7,1,2022,06,01
Fp0ROfWhR9S47xjq40LhPw,52.73.66.5,1,2022,06,14
Fp0ROfWhR9S47xjq40LhPw,52.76.116.153,1,2022,06,02
Fp0ROfWhR9S47xjq40LhPw,52.76.116.153,1,2022,06,06
Fp0ROfWhR9S47xjq40LhPw,52.76.116.153,1,2022,06,09
Fp0ROfWhR9S47xjq40LhPw,54.179.122.232,1,2022,06,06
M5UsaeEbQrC2oxCrQzferQ,18.205.35.125,1,2022,06,07
M5UsaeEbQrC2oxCrQzferQ,18.205.35.125,1,2022,06,08
M5UsaeEbQrC2oxCrQzferQ,2001:559:a4:227:c0e:95dc:932a:ef8c,1,2022,06,10
M5UsaeEbQrC2oxCrQzferQ,2001:559:a4:227:cd6f:b784:1173:1a64,1,2022,06,09
M5UsaeEbQrC2oxCrQzferQ,2001:559:a4:236:71ea:c5d6:cda4:f6fe,1,2022,06,09
M5UsaeEbQrC2oxCrQzferQ,34.215.195.251,1,2022,06,06
M5UsaeEbQrC2oxCrQzferQ,34.215.195.251,1,2022,06,07
M5UsaeEbQrC2oxCrQzferQ,34.215.195.251,2,2022,06,09
M5UsaeEbQrC2oxCrQzferQ,34.215.195.251,1,2022,06,10
M5UsaeEbQrC2oxCrQzferQ,34.215.195.251,2,2022,06,14
M5UsaeEbQrC2oxCrQzferQ,34.238.143.76,1,2022,06,02
M5UsaeEbQrC2oxCrQzferQ,34.238.143.76,1,2022,06,08
M5UsaeEbQrC2oxCrQzferQ,34.238.143.76,1,2022,06,10
M5UsaeEbQrC2oxCrQzferQ,34.238.143.76,1,2022,06,13
M5UsaeEbQrC2oxCrQzferQ,34.238.143.76,2,2022,06,14
M5UsaeEbQrC2oxCrQzferQ,38.99.100.2,3,2022,06,01
M5UsaeEbQrC2oxCrQzferQ,38.99.100.2,2,2022,06,02
M5UsaeEbQrC2oxCrQzferQ,38.99.100.2,3,2022,06,06
M5UsaeEbQrC2oxCrQzferQ,38.99.100.2,2,2022,06,07
M5UsaeEbQrC2oxCrQzferQ,38.99.100.2,2,2022,06,08
M5UsaeEbQrC2oxCrQzferQ,38.99.100.2,26,2022,06,09
M5UsaeEbQrC2oxCrQzferQ,38.99.100.2,4,2022,06,10
M5UsaeEbQrC2oxCrQzferQ,38.99.100.2,4,2022,06,13
M5UsaeEbQrC2oxCrQzferQ,38.99.100.2,6,2022,06,14
MCGu83PTQYSrrJ8rDd4vqA,34.215.195.251,2,2022,06,02
MCGu83PTQYSrrJ8rDd4vqA,34.215.195.251,2,2022,06,08
MCGu83PTQYSrrJ8rDd4vqA,34.215.195.251,2,2022,06,10
MCGu83PTQYSrrJ8rDd4vqA,34.238.143.76,2,2022,06,01
MCGu83PTQYSrrJ8rDd4vqA,34.238.143.76,2,2022,06,02
MCGu83PTQYSrrJ8rDd4vqA,34.238.143.76,2,2022,06,03
MCGu83PTQYSrrJ8rDd4vqA,34.238.143.76,2,2022,06,04
MCGu83PTQYSrrJ8rDd4vqA,34.238.143.76,2,2022,06,05
MCGu83PTQYSrrJ8rDd4vqA,34.238.143.76,2,2022,06,07
MCGu83PTQYSrrJ8rDd4vqA,34.238.143.76,2,2022,06,08
MCGu83PTQYSrrJ8rDd4vqA,34.238.143.76,2,2022,06,09
MCGu83PTQYSrrJ8rDd4vqA,34.238.143.76,2,2022,06,10
MCGu83PTQYSrrJ8rDd4vqA,34.238.143.76,2,2022,06,12
MCGu83PTQYSrrJ8rDd4vqA,34.238.143.76,2,2022,06,13
MCGu83PTQYSrrJ8rDd4vqA,34.238.143.76,2,2022,06,14
MCGu83PTQYSrrJ8rDd4vqA,38.99.100.2,2,2022,06,01
MCGu83PTQYSrrJ8rDd4vqA,38.99.100.2,2,2022,06,02
MCGu83PTQYSrrJ8rDd4vqA,38.99.100.2,2,2022,06,03
MCGu83PTQYSrrJ8rDd4vqA,38.99.100.2,2,2022,06,04
MCGu83PTQYSrrJ8rDd4vqA,38.99.100.2,2,2022,06,05
MCGu83PTQYSrrJ8rDd4vqA,38.99.100.2,2,2022,06,07
MCGu83PTQYSrrJ8rDd4vqA,38.99.100.2,2,2022,06,08
MCGu83PTQYSrrJ8rDd4vqA,38.99.100.2,2,2022,06,09
MCGu83PTQYSrrJ8rDd4vqA,38.99.100.2,2,2022,06,10
MCGu83PTQYSrrJ8rDd4vqA,38.99.100.2,2,2022,06,11
MCGu83PTQYSrrJ8rDd4vqA,38.99.100.2,2,2022,06,12
MCGu83PTQYSrrJ8rDd4vqA,38.99.100.2,2,2022,06,13
MCGu83PTQYSrrJ8rDd4vqA,38.99.100.2,2,2022,06,14
OkuDh8wjTouZ4g6NlzVRAg,18.205.35.125,1,2022,06,02
OkuDh8wjTouZ4g6NlzVRAg,18.215.88.65,1,2022,06,03
OkuDh8wjTouZ4g6NlzVRAg,18.215.88.65,1,2022,06,06
OkuDh8wjTouZ4g6NlzVRAg,18.215.88.65,1,2022,06,07
OkuDh8wjTouZ4g6NlzVRAg,18.215.88.65,1,2022,06,08
OkuDh8wjTouZ4g6NlzVRAg,18.215.88.65,1,2022,06,09
OkuDh8wjTouZ4g6NlzVRAg,18.215.88.65,1,2022,06,10
OkuDh8wjTouZ4g6NlzVRAg,18.215.88.65,1,2022,06,12
OkuDh8wjTouZ4g6NlzVRAg,18.215.88.65,1,2022,06,13
OkuDh8wjTouZ4g6NlzVRAg,18.215.88.65,1,2022,06,14
OkuDh8wjTouZ4g6NlzVRAg,2001:559:a4:227:9d86:c4da:d756:714,1,2022,06,07
OkuDh8wjTouZ4g6NlzVRAg,2001:559:a4:236:ed57:66a7:9628:12a4,1,2022,06,07
OkuDh8wjTouZ4g6NlzVRAg,3.228.197.246,1,2022,06,08
OkuDh8wjTouZ4g6NlzVRAg,34.215.195.251,2,2022,06,02
OkuDh8wjTouZ4g6NlzVRAg,34.215.195.251,1,2022,06,08
OkuDh8wjTouZ4g6NlzVRAg,34.215.195.251,3,2022,06,09
OkuDh8wjTouZ4g6NlzVRAg,34.215.195.251,2,2022,06,13
OkuDh8wjTouZ4g6NlzVRAg,34.215.195.251,3,2022,06,14
OkuDh8wjTouZ4g6NlzVRAg,34.238.143.76,3,2022,06,01
OkuDh8wjTouZ4g6NlzVRAg,34.238.143.76,3,2022,06,02
OkuDh8wjTouZ4g6NlzVRAg,34.238.143.76,2,2022,06,04
OkuDh8wjTouZ4g6NlzVRAg,34.238.143.76,1,2022,06,05
OkuDh8wjTouZ4g6NlzVRAg,34.238.143.76,3,2022,06,06
OkuDh8wjTouZ4g6NlzVRAg,34.238.143.76,3,2022,06,07
OkuDh8wjTouZ4g6NlzVRAg,34.238.143.76,3,2022,06,08
OkuDh8wjTouZ4g6NlzVRAg,34.238.143.76,3,2022,06,09
OkuDh8wjTouZ4g6NlzVRAg,34.238.143.76,2,2022,06,10
OkuDh8wjTouZ4g6NlzVRAg,34.238.143.76,2,2022,06,11
OkuDh8wjTouZ4g6NlzVRAg,34.238.143.76,2,2022,06,12
OkuDh8wjTouZ4g6NlzVRAg,34.238.143.76,3,2022,06,13
OkuDh8wjTouZ4g6NlzVRAg,34.238.143.76,3,2022,06,14
OkuDh8wjTouZ4g6NlzVRAg,36.33.24.184,1,2022,06,13
OkuDh8wjTouZ4g6NlzVRAg,38.99.100.2,7,2022,06,01
OkuDh8wjTouZ4g6NlzVRAg,38.99.100.2,6,2022,06,02
OkuDh8wjTouZ4g6NlzVRAg,38.99.100.2,2,2022,06,03
OkuDh8wjTouZ4g6NlzVRAg,38.99.100.2,2,2022,06,04
OkuDh8wjTouZ4g6NlzVRAg,38.99.100.2,2,2022,06,05
OkuDh8wjTouZ4g6NlzVRAg,38.99.100.2,21,2022,06,06
OkuDh8wjTouZ4g6NlzVRAg,38.99.100.2,38,2022,06,07
OkuDh8wjTouZ4g6NlzVRAg,38.99.100.2,7,2022,06,08
OkuDh8wjTouZ4g6NlzVRAg,38.99.100.2,4,2022,06,09
OkuDh8wjTouZ4g6NlzVRAg,38.99.100.2,2,2022,06,10
OkuDh8wjTouZ4g6NlzVRAg,38.99.100.2,2,2022,06,11
OkuDh8wjTouZ4g6NlzVRAg,38.99.100.2,2,2022,06,12
OkuDh8wjTouZ4g6NlzVRAg,38.99.100.2,9,2022,06,13
OkuDh8wjTouZ4g6NlzVRAg,38.99.100.2,9,2022,06,14
OkuDh8wjTouZ4g6NlzVRAg,52.74.225.218,1,2022,06,13
OkuDh8wjTouZ4g6NlzVRAg,52.76.192.139,1,2022,06,11
Oz_q6jW6SVaQq6wux5h87w,13.52.234.238,1,2022,06,14
Oz_q6jW6SVaQq6wux5h87w,18.205.35.125,1,2022,06,01
Oz_q6jW6SVaQq6wux5h87w,18.205.35.125,1,2022,06,14
Oz_q6jW6SVaQq6wux5h87w,34.215.195.251,1,2022,06,06
Oz_q6jW6SVaQq6wux5h87w,34.215.195.251,1,2022,06,07
Oz_q6jW6SVaQq6wux5h87w,34.215.195.251,1,2022,06,08
Oz_q6jW6SVaQq6wux5h87w,34.215.195.251,1,2022,06,09
Oz_q6jW6SVaQq6wux5h87w,34.238.143.76,2,2022,06,01
Oz_q6jW6SVaQq6wux5h87w,34.238.143.76,1,2022,06,02
Oz_q6jW6SVaQq6wux5h87w,34.238.143.76,2,2022,06,06
Oz_q6jW6SVaQq6wux5h87w,34.238.143.76,1,2022,06,07
Oz_q6jW6SVaQq6wux5h87w,34.238.143.76,2,2022,06,08
Oz_q6jW6SVaQq6wux5h87w,34.238.143.76,2,2022,06,09
Oz_q6jW6SVaQq6wux5h87w,34.238.143.76,1,2022,06,10
Oz_q6jW6SVaQq6wux5h87w,34.238.143.76,1,2022,06,13
Oz_q6jW6SVaQq6wux5h87w,34.238.143.76,2,2022,06,14
Oz_q6jW6SVaQq6wux5h87w,38.99.100.2,4,2022,06,01
Oz_q6jW6SVaQq6wux5h87w,38.99.100.2,3,2022,06,02
Oz_q6jW6SVaQq6wux5h87w,38.99.100.2,8,2022,06,06
Oz_q6jW6SVaQq6wux5h87w,38.99.100.2,3,2022,06,07
Oz_q6jW6SVaQq6wux5h87w,38.99.100.2,4,2022,06,08
Oz_q6jW6SVaQq6wux5h87w,38.99.100.2,5,2022,06,09
Oz_q6jW6SVaQq6wux5h87w,38.99.100.2,3,2022,06,10
Oz_q6jW6SVaQq6wux5h87w,38.99.100.2,4,2022,06,13
Oz_q6jW6SVaQq6wux5h87w,38.99.100.2,5,2022,06,14
Oz_q6jW6SVaQq6wux5h87w,52.74.225.218,1,2022,06,06
PSuV3wMMSsSTDTAPKTdLhw,2001:559:a4:225::195,1,2022,06,01
PSuV3wMMSsSTDTAPKTdLhw,2001:559:a4:225::195,2,2022,06,09
PSuV3wMMSsSTDTAPKTdLhw,2001:559:a4:225::195,1,2022,06,13
PSuV3wMMSsSTDTAPKTdLhw,3.228.197.246,1,2022,06,01
PSuV3wMMSsSTDTAPKTdLhw,3.228.197.246,1,2022,06,10
PSuV3wMMSsSTDTAPKTdLhw,34.238.143.76,17,2022,06,01
PSuV3wMMSsSTDTAPKTdLhw,34.238.143.76,19,2022,06,02
PSuV3wMMSsSTDTAPKTdLhw,34.238.143.76,8,2022,06,03
PSuV3wMMSsSTDTAPKTdLhw,34.238.143.76,1,2022,06,04
PSuV3wMMSsSTDTAPKTdLhw,34.238.143.76,12,2022,06,06
PSuV3wMMSsSTDTAPKTdLhw,34.238.143.76,13,2022,06,07
PSuV3wMMSsSTDTAPKTdLhw,34.238.143.76,13,2022,06,08
PSuV3wMMSsSTDTAPKTdLhw,34.238.143.76,11,2022,06,09
PSuV3wMMSsSTDTAPKTdLhw,34.238.143.76,14,2022,06,10
PSuV3wMMSsSTDTAPKTdLhw,34.238.143.76,3,2022,06,11
PSuV3wMMSsSTDTAPKTdLhw,34.238.143.76,1,2022,06,12
PSuV3wMMSsSTDTAPKTdLhw,34.238.143.76,12,2022,06,13
PSuV3wMMSsSTDTAPKTdLhw,34.238.143.76,10,2022,06,14
PSuV3wMMSsSTDTAPKTdLhw,38.99.100.2,10,2022,06,01
PSuV3wMMSsSTDTAPKTdLhw,38.99.100.2,9,2022,06,02
PSuV3wMMSsSTDTAPKTdLhw,38.99.100.2,2,2022,06,03
PSuV3wMMSsSTDTAPKTdLhw,38.99.100.2,2,2022,06,04
PSuV3wMMSsSTDTAPKTdLhw,38.99.100.2,3,2022,06,05
PSuV3wMMSsSTDTAPKTdLhw,38.99.100.2,7,2022,06,06
PSuV3wMMSsSTDTAPKTdLhw,38.99.100.2,9,2022,06,07
PSuV3wMMSsSTDTAPKTdLhw,38.99.100.2,9,2022,06,08
PSuV3wMMSsSTDTAPKTdLhw,38.99.100.2,8,2022,06,09
PSuV3wMMSsSTDTAPKTdLhw,38.99.100.2,10,2022,06,10
PSuV3wMMSsSTDTAPKTdLhw,38.99.100.2,1,2022,06,11
PSuV3wMMSsSTDTAPKTdLhw,38.99.100.2,1,2022,06,12
PSuV3wMMSsSTDTAPKTdLhw,38.99.100.2,9,2022,06,13
PSuV3wMMSsSTDTAPKTdLhw,38.99.100.2,10,2022,06,14
PSuV3wMMSsSTDTAPKTdLhw,38.99.100.7,11,2022,06,01
PSuV3wMMSsSTDTAPKTdLhw,38.99.100.7,14,2022,06,02
PSuV3wMMSsSTDTAPKTdLhw,38.99.100.7,10,2022,06,03
PSuV3wMMSsSTDTAPKTdLhw,38.99.100.7,1,2022,06,04
PSuV3wMMSsSTDTAPKTdLhw,38.99.100.7,1,2022,06,05
PSuV3wMMSsSTDTAPKTdLhw,38.99.100.7,7,2022,06,06
PSuV3wMMSsSTDTAPKTdLhw,38.99.100.7,11,2022,06,07
PSuV3wMMSsSTDTAPKTdLhw,38.99.100.7,9,2022,06,08
PSuV3wMMSsSTDTAPKTdLhw,38.99.100.7,6,2022,06,09
PSuV3wMMSsSTDTAPKTdLhw,38.99.100.7,9,2022,06,10
PSuV3wMMSsSTDTAPKTdLhw,38.99.100.7,9,2022,06,11
PSuV3wMMSsSTDTAPKTdLhw,38.99.100.7,2,2022,06,12
PSuV3wMMSsSTDTAPKTdLhw,38.99.100.7,9,2022,06,13
PSuV3wMMSsSTDTAPKTdLhw,38.99.100.7,6,2022,06,14
PSuV3wMMSsSTDTAPKTdLhw,38.99.114.227,2,2022,06,10
Q8ytwGgsRiqIq2CnIYzfzQ,13.52.234.238,1,2022,06,14
Q8ytwGgsRiqIq2CnIYzfzQ,18.205.35.125,1,2022,06,01
Q8ytwGgsRiqIq2CnIYzfzQ,18.205.35.125,1,2022,06,02
Q8ytwGgsRiqIq2CnIYzfzQ,18.205.35.125,1,2022,06,06
Q8ytwGgsRiqIq2CnIYzfzQ,18.205.35.125,1,2022,06,13
Q8ytwGgsRiqIq2CnIYzfzQ,18.205.35.125,2,2022,06,14
Q8ytwGgsRiqIq2CnIYzfzQ,18.215.88.65,1,2022,06,02
Q8ytwGgsRiqIq2CnIYzfzQ,18.215.88.65,1,2022,06,06
Q8ytwGgsRiqIq2CnIYzfzQ,18.215.88.65,1,2022,06,07
Q8ytwGgsRiqIq2CnIYzfzQ,18.215.88.65,1,2022,06,10
Q8ytwGgsRiqIq2CnIYzfzQ,18.215.88.65,1,2022,06,11
Q8ytwGgsRiqIq2CnIYzfzQ,18.215.88.65,1,2022,06,12
Q8ytwGgsRiqIq2CnIYzfzQ,18.215.88.65,1,2022,06,13
Q8ytwGgsRiqIq2CnIYzfzQ,2001:559:a4:227:cd6f:b784:1173:1a64,1,2022,06,10
Q8ytwGgsRiqIq2CnIYzfzQ,34.215.195.251,1,2022,06,02
Q8ytwGgsRiqIq2CnIYzfzQ,34.215.195.251,1,2022,06,06
Q8ytwGgsRiqIq2CnIYzfzQ,34.238.143.76,2,2022,06,01
Q8ytwGgsRiqIq2CnIYzfzQ,34.238.143.76,2,2022,06,02
Q8ytwGgsRiqIq2CnIYzfzQ,34.238.143.76,2,2022,06,06
Q8ytwGgsRiqIq2CnIYzfzQ,34.238.143.76,1,2022,06,07
Q8ytwGgsRiqIq2CnIYzfzQ,34.238.143.76,1,2022,06,09
Q8ytwGgsRiqIq2CnIYzfzQ,34.238.143.76,1,2022,06,10
Q8ytwGgsRiqIq2CnIYzfzQ,34.238.143.76,1,2022,06,13
Q8ytwGgsRiqIq2CnIYzfzQ,34.238.143.76,2,2022,06,14
Q8ytwGgsRiqIq2CnIYzfzQ,36.33.24.184,1,2022,06,14
Q8ytwGgsRiqIq2CnIYzfzQ,38.99.100.2,4,2022,06,01
Q8ytwGgsRiqIq2CnIYzfzQ,38.99.100.2,5,2022,06,02
Q8ytwGgsRiqIq2CnIYzfzQ,38.99.100.2,6,2022,06,06
Q8ytwGgsRiqIq2CnIYzfzQ,38.99.100.2,2,2022,06,07
Q8ytwGgsRiqIq2CnIYzfzQ,38.99.100.2,1,2022,06,08
Q8ytwGgsRiqIq2CnIYzfzQ,38.99.100.2,2,2022,06,09
Q8ytwGgsRiqIq2CnIYzfzQ,38.99.100.2,7,2022,06,10
Q8ytwGgsRiqIq2CnIYzfzQ,38.99.100.2,5,2022,06,13
Q8ytwGgsRiqIq2CnIYzfzQ,38.99.100.2,4,2022,06,14
R3qO0xz3Q9KnPwNZNTIJ8w,3.228.197.246,1,2022,06,08
R3qO0xz3Q9KnPwNZNTIJ8w,34.215.195.251,1,2022,06,01
R3qO0xz3Q9KnPwNZNTIJ8w,34.215.195.251,1,2022,06,08
R3qO0xz3Q9KnPwNZNTIJ8w,34.215.195.251,1,2022,06,13
R3qO0xz3Q9KnPwNZNTIJ8w,34.215.195.251,2,2022,06,14
R3qO0xz3Q9KnPwNZNTIJ8w,34.238.143.76,2,2022,06,01
R3qO0xz3Q9KnPwNZNTIJ8w,34.238.143.76,2,2022,06,02
R3qO0xz3Q9KnPwNZNTIJ8w,34.238.143.76,1,2022,06,05
R3qO0xz3Q9KnPwNZNTIJ8w,34.238.143.76,2,2022,06,06
R3qO0xz3Q9KnPwNZNTIJ8w,34.238.143.76,2,2022,06,07
R3qO0xz3Q9KnPwNZNTIJ8w,34.238.143.76,2,2022,06,08
R3qO0xz3Q9KnPwNZNTIJ8w,34.238.143.76,2,2022,06,09
R3qO0xz3Q9KnPwNZNTIJ8w,34.238.143.76,2,2022,06,10
R3qO0xz3Q9KnPwNZNTIJ8w,34.238.143.76,1,2022,06,11
R3qO0xz3Q9KnPwNZNTIJ8w,34.238.143.76,1,2022,06,12
R3qO0xz3Q9KnPwNZNTIJ8w,34.238.143.76,2,2022,06,13
R3qO0xz3Q9KnPwNZNTIJ8w,34.238.143.76,3,2022,06,14
R3qO0xz3Q9KnPwNZNTIJ8w,38.99.100.2,2,2022,06,01
R3qO0xz3Q9KnPwNZNTIJ8w,38.99.100.2,2,2022,06,02
R3qO0xz3Q9KnPwNZNTIJ8w,38.99.100.2,1,2022,06,03
R3qO0xz3Q9KnPwNZNTIJ8w,38.99.100.2,1,2022,06,04
R3qO0xz3Q9KnPwNZNTIJ8w,38.99.100.2,1,2022,06,05
R3qO0xz3Q9KnPwNZNTIJ8w,38.99.100.2,2,2022,06,06
R3qO0xz3Q9KnPwNZNTIJ8w,38.99.100.2,3,2022,06,07
R3qO0xz3Q9KnPwNZNTIJ8w,38.99.100.2,3,2022,06,08
R3qO0xz3Q9KnPwNZNTIJ8w,38.99.100.2,3,2022,06,09
R3qO0xz3Q9KnPwNZNTIJ8w,38.99.100.2,3,2022,06,10
R3qO0xz3Q9KnPwNZNTIJ8w,38.99.100.2,1,2022,06,11
R3qO0xz3Q9KnPwNZNTIJ8w,38.99.100.2,1,2022,06,12
R3qO0xz3Q9KnPwNZNTIJ8w,38.99.100.2,4,2022,06,13
R3qO0xz3Q9KnPwNZNTIJ8w,38.99.100.2,4,2022,06,14
RIgOu4PVRrOZcknNtlUiHg,13.52.234.238,6,2022,06,14
RIgOu4PVRrOZcknNtlUiHg,3.228.197.246,1,2022,06,12
RIgOu4PVRrOZcknNtlUiHg,34.238.143.76,6,2022,06,01
RIgOu4PVRrOZcknNtlUiHg,34.238.143.76,6,2022,06,02
RIgOu4PVRrOZcknNtlUiHg,34.238.143.76,6,2022,06,03
RIgOu4PVRrOZcknNtlUiHg,34.238.143.76,6,2022,06,04
RIgOu4PVRrOZcknNtlUiHg,34.238.143.76,6,2022,06,05
RIgOu4PVRrOZcknNtlUiHg,34.238.143.76,6,2022,06,06
RIgOu4PVRrOZcknNtlUiHg,34.238.143.76,8,2022,06,07
RIgOu4PVRrOZcknNtlUiHg,34.238.143.76,6,2022,06,08
RIgOu4PVRrOZcknNtlUiHg,34.238.143.76,8,2022,06,09
RIgOu4PVRrOZcknNtlUiHg,34.238.143.76,10,2022,06,10
RIgOu4PVRrOZcknNtlUiHg,34.238.143.76,6,2022,06,11
RIgOu4PVRrOZcknNtlUiHg,34.238.143.76,9,2022,06,12
RIgOu4PVRrOZcknNtlUiHg,34.238.143.76,6,2022,06,13
RIgOu4PVRrOZcknNtlUiHg,34.238.143.76,7,2022,06,14
RIgOu4PVRrOZcknNtlUiHg,38.99.100.2,8,2022,06,01
RIgOu4PVRrOZcknNtlUiHg,38.99.100.2,6,2022,06,02
RIgOu4PVRrOZcknNtlUiHg,38.99.100.2,8,2022,06,03
RIgOu4PVRrOZcknNtlUiHg,38.99.100.2,6,2022,06,04
RIgOu4PVRrOZcknNtlUiHg,38.99.100.2,8,2022,06,05
RIgOu4PVRrOZcknNtlUiHg,38.99.100.2,6,2022,06,06
RIgOu4PVRrOZcknNtlUiHg,38.99.100.2,8,2022,06,07
RIgOu4PVRrOZcknNtlUiHg,38.99.100.2,6,2022,06,08
RIgOu4PVRrOZcknNtlUiHg,38.99.100.2,8,2022,06,09
RIgOu4PVRrOZcknNtlUiHg,38.99.100.2,10,2022,06,10
RIgOu4PVRrOZcknNtlUiHg,38.99.100.2,6,2022,06,11
RIgOu4PVRrOZcknNtlUiHg,38.99.100.2,9,2022,06,12
RIgOu4PVRrOZcknNtlUiHg,38.99.100.2,8,2022,06,13
RIgOu4PVRrOZcknNtlUiHg,38.99.100.2,7,2022,06,14
RIgOu4PVRrOZcknNtlUiHg,38.99.100.7,1,2022,06,01
S6Xz47u2SxKYzXy85qKLDg,18.138.183.50,1,2022,06,02
S6Xz47u2SxKYzXy85qKLDg,2001:559:a4:21e:7dd4:9358:a0a7:4ac,1,2022,06,01
S6Xz47u2SxKYzXy85qKLDg,2001:559:a4:21e:7dd4:9358:a0a7:4ac,1,2022,06,02
S6Xz47u2SxKYzXy85qKLDg,2001:559:a4:21e:7dd4:9358:a0a7:4ac,1,2022,06,03
S6Xz47u2SxKYzXy85qKLDg,2001:559:a4:21e:7dd4:9358:a0a7:4ac,1,2022,06,04
S6Xz47u2SxKYzXy85qKLDg,2001:559:a4:21e:7dd4:9358:a0a7:4ac,1,2022,06,05
S6Xz47u2SxKYzXy85qKLDg,2001:559:a4:21e:7dd4:9358:a0a7:4ac,1,2022,06,06
S6Xz47u2SxKYzXy85qKLDg,2001:559:a4:21e:7dd4:9358:a0a7:4ac,1,2022,06,07
S6Xz47u2SxKYzXy85qKLDg,2001:559:a4:21e:7dd4:9358:a0a7:4ac,1,2022,06,08
S6Xz47u2SxKYzXy85qKLDg,2001:559:a4:21e:7dd4:9358:a0a7:4ac,1,2022,06,09
S6Xz47u2SxKYzXy85qKLDg,2001:559:a4:21e:7dd4:9358:a0a7:4ac,1,2022,06,10
S6Xz47u2SxKYzXy85qKLDg,2001:559:a4:21e:7dd4:9358:a0a7:4ac,1,2022,06,11
S6Xz47u2SxKYzXy85qKLDg,2001:559:a4:21e:7dd4:9358:a0a7:4ac,1,2022,06,12
S6Xz47u2SxKYzXy85qKLDg,2001:559:a4:21e:7dd4:9358:a0a7:4ac,1,2022,06,13
S6Xz47u2SxKYzXy85qKLDg,2001:559:a4:21e:7dd4:9358:a0a7:4ac,1,2022,06,14
S6Xz47u2SxKYzXy85qKLDg,2001:559:a4:225::195,5,2022,06,01
S6Xz47u2SxKYzXy85qKLDg,2001:559:a4:225::195,6,2022,06,02
S6Xz47u2SxKYzXy85qKLDg,2001:559:a4:225::195,5,2022,06,03
S6Xz47u2SxKYzXy85qKLDg,2001:559:a4:225::195,5,2022,06,04
S6Xz47u2SxKYzXy85qKLDg,2001:559:a4:225::195,5,2022,06,05
S6Xz47u2SxKYzXy85qKLDg,2001:559:a4:225::195,5,2022,06,06
S6Xz47u2SxKYzXy85qKLDg,2001:559:a4:225::195,5,2022,06,07
S6Xz47u2SxKYzXy85qKLDg,2001:559:a4:225::195,5,2022,06,08
S6Xz47u2SxKYzXy85qKLDg,2001:559:a4:225::195,5,2022,06,09
S6Xz47u2SxKYzXy85qKLDg,2001:559:a4:225::195,5,2022,06,10
S6Xz47u2SxKYzXy85qKLDg,2001:559:a4:225::195,5,2022,06,11
S6Xz47u2SxKYzXy85qKLDg,2001:559:a4:225::195,5,2022,06,12
S6Xz47u2SxKYzXy85qKLDg,2001:559:a4:225::195,5,2022,06,13
S6Xz47u2SxKYzXy85qKLDg,2001:559:a4:225::195,5,2022,06,14
S6Xz47u2SxKYzXy85qKLDg,2001:559:a4:225::89,3,2022,06,06
S6Xz47u2SxKYzXy85qKLDg,2001:559:a4:225::89,4,2022,06,07
S6Xz47u2SxKYzXy85qKLDg,34.238.143.76,9,2022,06,01
S6Xz47u2SxKYzXy85qKLDg,34.238.143.76,9,2022,06,02
S6Xz47u2SxKYzXy85qKLDg,34.238.143.76,9,2022,06,03
S6Xz47u2SxKYzXy85qKLDg,34.238.143.76,9,2022,06,04
S6Xz47u2SxKYzXy85qKLDg,34.238.143.76,7,2022,06,05
S6Xz47u2SxKYzXy85qKLDg,34.238.143.76,9,2022,06,06
S6Xz47u2SxKYzXy85qKLDg,34.238.143.76,9,2022,06,07
S6Xz47u2SxKYzXy85qKLDg,34.238.143.76,9,2022,06,08
S6Xz47u2SxKYzXy85qKLDg,34.238.143.76,9,2022,06,09
S6Xz47u2SxKYzXy85qKLDg,34.238.143.76,8,2022,06,10
S6Xz47u2SxKYzXy85qKLDg,34.238.143.76,8,2022,06,11
S6Xz47u2SxKYzXy85qKLDg,34.238.143.76,8,2022,06,12
S6Xz47u2SxKYzXy85qKLDg,34.238.143.76,8,2022,06,13
S6Xz47u2SxKYzXy85qKLDg,34.238.143.76,8,2022,06,14
S6Xz47u2SxKYzXy85qKLDg,38.99.100.2,15,2022,06,01
S6Xz47u2SxKYzXy85qKLDg,38.99.100.2,18,2022,06,02
S6Xz47u2SxKYzXy85qKLDg,38.99.100.2,16,2022,06,03
S6Xz47u2SxKYzXy85qKLDg,38.99.100.2,15,2022,06,04
S6Xz47u2SxKYzXy85qKLDg,38.99.100.2,16,2022,06,05
S6Xz47u2SxKYzXy85qKLDg,38.99.100.2,17,2022,06,06
S6Xz47u2SxKYzXy85qKLDg,38.99.100.2,14,2022,06,07
S6Xz47u2SxKYzXy85qKLDg,38.99.100.2,16,2022,06,08
S6Xz47u2SxKYzXy85qKLDg,38.99.100.2,16,2022,06,09
S6Xz47u2SxKYzXy85qKLDg,38.99.100.2,16,2022,06,10
S6Xz47u2SxKYzXy85qKLDg,38.99.100.2,15,2022,06,11
S6Xz47u2SxKYzXy85qKLDg,38.99.100.2,15,2022,06,12
S6Xz47u2SxKYzXy85qKLDg,38.99.100.2,16,2022,06,13
S6Xz47u2SxKYzXy85qKLDg,38.99.100.2,15,2022,06,14
S6Xz47u2SxKYzXy85qKLDg,38.99.100.7,4,2022,06,01
S6Xz47u2SxKYzXy85qKLDg,52.220.255.171,1,2022,06,13
S6Xz47u2SxKYzXy85qKLDg,52.220.255.171,1,2022,06,14
S6Xz47u2SxKYzXy85qKLDg,52.74.225.218,1,2022,06,01
S6Xz47u2SxKYzXy85qKLDg,52.74.225.218,1,2022,06,02
S6Xz47u2SxKYzXy85qKLDg,52.74.225.218,1,2022,06,03
S6Xz47u2SxKYzXy85qKLDg,52.74.225.218,1,2022,06,04
S6Xz47u2SxKYzXy85qKLDg,52.74.225.218,1,2022,06,05
S6Xz47u2SxKYzXy85qKLDg,52.74.225.218,1,2022,06,06
S6Xz47u2SxKYzXy85qKLDg,52.74.225.218,1,2022,06,07
S6Xz47u2SxKYzXy85qKLDg,52.74.225.218,1,2022,06,08
S6Xz47u2SxKYzXy85qKLDg,52.74.225.218,1,2022,06,09
S6Xz47u2SxKYzXy85qKLDg,52.74.225.218,1,2022,06,10
S6Xz47u2SxKYzXy85qKLDg,52.74.225.218,1,2022,06,11
S6Xz47u2SxKYzXy85qKLDg,52.74.225.218,1,2022,06,12
S6Xz47u2SxKYzXy85qKLDg,52.74.225.218,1,2022,06,14
S6Xz47u2SxKYzXy85qKLDg,52.76.116.153,1,2022,06,01
S6Xz47u2SxKYzXy85qKLDg,52.76.116.153,1,2022,06,02
S6Xz47u2SxKYzXy85qKLDg,52.76.116.153,1,2022,06,03
S6Xz47u2SxKYzXy85qKLDg,52.76.116.153,1,2022,06,04
S6Xz47u2SxKYzXy85qKLDg,52.76.116.153,1,2022,06,05
S6Xz47u2SxKYzXy85qKLDg,52.76.116.153,1,2022,06,06
S6Xz47u2SxKYzXy85qKLDg,52.76.116.153,1,2022,06,07
S6Xz47u2SxKYzXy85qKLDg,52.76.116.153,1,2022,06,08
S6Xz47u2SxKYzXy85qKLDg,52.76.116.153,1,2022,06,09
S6Xz47u2SxKYzXy85qKLDg,52.76.116.153,1,2022,06,10
S6Xz47u2SxKYzXy85qKLDg,52.76.116.153,1,2022,06,11
S6Xz47u2SxKYzXy85qKLDg,52.76.116.153,1,2022,06,12
S6Xz47u2SxKYzXy85qKLDg,52.76.116.153,1,2022,06,13
S6Xz47u2SxKYzXy85qKLDg,52.76.116.153,1,2022,06,14
S6Xz47u2SxKYzXy85qKLDg,52.76.192.139,1,2022,06,02
S6Xz47u2SxKYzXy85qKLDg,52.76.192.139,1,2022,06,03
S6Xz47u2SxKYzXy85qKLDg,52.76.192.139,1,2022,06,05
S6Xz47u2SxKYzXy85qKLDg,52.76.192.139,1,2022,06,06
S6Xz47u2SxKYzXy85qKLDg,52.76.192.139,1,2022,06,07
S6Xz47u2SxKYzXy85qKLDg,52.76.192.139,1,2022,06,08
S6Xz47u2SxKYzXy85qKLDg,52.76.192.139,1,2022,06,09
S6Xz47u2SxKYzXy85qKLDg,52.76.192.139,1,2022,06,10
S6Xz47u2SxKYzXy85qKLDg,52.76.192.139,1,2022,06,11
S6Xz47u2SxKYzXy85qKLDg,52.76.192.139,1,2022,06,12
S6Xz47u2SxKYzXy85qKLDg,52.76.192.139,1,2022,06,13
S6Xz47u2SxKYzXy85qKLDg,52.76.192.139,1,2022,06,14
S6Xz47u2SxKYzXy85qKLDg,54.179.122.232,1,2022,06,02
S6Xz47u2SxKYzXy85qKLDg,54.179.122.232,1,2022,06,06
S6Xz47u2SxKYzXy85qKLDg,54.179.122.232,1,2022,06,08
S6Xz47u2SxKYzXy85qKLDg,54.179.122.232,1,2022,06,09
S6Xz47u2SxKYzXy85qKLDg,54.179.122.232,1,2022,06,10
S6Xz47u2SxKYzXy85qKLDg,54.179.122.232,1,2022,06,11
S6Xz47u2SxKYzXy85qKLDg,54.179.122.232,1,2022,06,12
S6Xz47u2SxKYzXy85qKLDg,54.179.122.232,1,2022,06,13
TkQ6qEb2T9COAHLNIHpbpQ,2001:559:a4:225::195,5,2022,06,01
TkQ6qEb2T9COAHLNIHpbpQ,2001:559:a4:225::195,6,2022,06,02
TkQ6qEb2T9COAHLNIHpbpQ,2001:559:a4:225::195,6,2022,06,03
TkQ6qEb2T9COAHLNIHpbpQ,2001:559:a4:225::195,6,2022,06,04
TkQ6qEb2T9COAHLNIHpbpQ,2001:559:a4:225::195,6,2022,06,05
TkQ6qEb2T9COAHLNIHpbpQ,2001:559:a4:225::195,6,2022,06,06
TkQ6qEb2T9COAHLNIHpbpQ,2001:559:a4:225::195,6,2022,06,07
TkQ6qEb2T9COAHLNIHpbpQ,2001:559:a4:225::195,6,2022,06,08
TkQ6qEb2T9COAHLNIHpbpQ,2001:559:a4:225::195,6,2022,06,09
TkQ6qEb2T9COAHLNIHpbpQ,2001:559:a4:225::195,6,2022,06,10
TkQ6qEb2T9COAHLNIHpbpQ,2001:559:a4:225::195,6,2022,06,11
TkQ6qEb2T9COAHLNIHpbpQ,2001:559:a4:225::195,6,2022,06,12
TkQ6qEb2T9COAHLNIHpbpQ,2001:559:a4:225::195,6,2022,06,13
TkQ6qEb2T9COAHLNIHpbpQ,2001:559:a4:225::195,5,2022,06,14
TkQ6qEb2T9COAHLNIHpbpQ,2001:559:a4:225::89,3,2022,06,06
TkQ6qEb2T9COAHLNIHpbpQ,3.232.225.49,1,2022,06,04
TkQ6qEb2T9COAHLNIHpbpQ,3.232.225.49,1,2022,06,05
TkQ6qEb2T9COAHLNIHpbpQ,3.232.225.49,1,2022,06,06
TkQ6qEb2T9COAHLNIHpbpQ,3.232.225.49,1,2022,06,07
TkQ6qEb2T9COAHLNIHpbpQ,3.232.225.49,1,2022,06,08
TkQ6qEb2T9COAHLNIHpbpQ,3.232.225.49,1,2022,06,09
TkQ6qEb2T9COAHLNIHpbpQ,3.232.225.49,1,2022,06,10
TkQ6qEb2T9COAHLNIHpbpQ,3.232.225.49,1,2022,06,11
TkQ6qEb2T9COAHLNIHpbpQ,3.232.225.49,1,2022,06,12
TkQ6qEb2T9COAHLNIHpbpQ,34.238.143.76,1,2022,06,01
TkQ6qEb2T9COAHLNIHpbpQ,34.238.143.76,3,2022,06,02
TkQ6qEb2T9COAHLNIHpbpQ,34.238.143.76,3,2022,06,03
TkQ6qEb2T9COAHLNIHpbpQ,34.238.143.76,3,2022,06,04
TkQ6qEb2T9COAHLNIHpbpQ,34.238.143.76,3,2022,06,05
TkQ6qEb2T9COAHLNIHpbpQ,34.238.143.76,3,2022,06,06
TkQ6qEb2T9COAHLNIHpbpQ,34.238.143.76,3,2022,06,07
TkQ6qEb2T9COAHLNIHpbpQ,34.238.143.76,3,2022,06,08
TkQ6qEb2T9COAHLNIHpbpQ,34.238.143.76,3,2022,06,09
TkQ6qEb2T9COAHLNIHpbpQ,34.238.143.76,3,2022,06,10
TkQ6qEb2T9COAHLNIHpbpQ,34.238.143.76,3,2022,06,11
TkQ6qEb2T9COAHLNIHpbpQ,34.238.143.76,3,2022,06,12
TkQ6qEb2T9COAHLNIHpbpQ,34.238.143.76,3,2022,06,13
TkQ6qEb2T9COAHLNIHpbpQ,34.238.143.76,3,2022,06,14
TkQ6qEb2T9COAHLNIHpbpQ,38.99.100.2,6,2022,06,01
TkQ6qEb2T9COAHLNIHpbpQ,38.99.100.2,7,2022,06,02
TkQ6qEb2T9COAHLNIHpbpQ,38.99.100.2,7,2022,06,03
TkQ6qEb2T9COAHLNIHpbpQ,38.99.100.2,6,2022,06,04
TkQ6qEb2T9COAHLNIHpbpQ,38.99.100.2,7,2022,06,05
TkQ6qEb2T9COAHLNIHpbpQ,38.99.100.2,7,2022,06,06
TkQ6qEb2T9COAHLNIHpbpQ,38.99.100.2,6,2022,06,07
TkQ6qEb2T9COAHLNIHpbpQ,38.99.100.2,7,2022,06,08
TkQ6qEb2T9COAHLNIHpbpQ,38.99.100.2,7,2022,06,09
TkQ6qEb2T9COAHLNIHpbpQ,38.99.100.2,7,2022,06,10
TkQ6qEb2T9COAHLNIHpbpQ,38.99.100.2,7,2022,06,11
TkQ6qEb2T9COAHLNIHpbpQ,38.99.100.2,7,2022,06,12
TkQ6qEb2T9COAHLNIHpbpQ,38.99.100.2,7,2022,06,13
TkQ6qEb2T9COAHLNIHpbpQ,38.99.100.2,7,2022,06,14
WTpQ2Q_rSKm0-eGZtyakog,2001:559:a4:227:942d:1c0:a430:2e5a,1,2022,06,14
WTpQ2Q_rSKm0-eGZtyakog,2001:559:a4:227:b849:2335:1460:5ca8,1,2022,06,09
WTpQ2Q_rSKm0-eGZtyakog,2001:559:a4:228:65df:8970:94dd:7b2b,2,2022,06,06
WTpQ2Q_rSKm0-eGZtyakog,3.228.197.246,1,2022,06,07
WTpQ2Q_rSKm0-eGZtyakog,3.228.197.246,1,2022,06,13
WTpQ2Q_rSKm0-eGZtyakog,3.228.197.246,1,2022,06,14
WTpQ2Q_rSKm0-eGZtyakog,34.238.143.76,6,2022,06,01
WTpQ2Q_rSKm0-eGZtyakog,34.238.143.76,5,2022,06,02
WTpQ2Q_rSKm0-eGZtyakog,34.238.143.76,5,2022,06,06
WTpQ2Q_rSKm0-eGZtyakog,34.238.143.76,6,2022,06,07
WTpQ2Q_rSKm0-eGZtyakog,34.238.143.76,7,2022,06,08
WTpQ2Q_rSKm0-eGZtyakog,34.238.143.76,14,2022,06,09
WTpQ2Q_rSKm0-eGZtyakog,34.238.143.76,9,2022,06,10
WTpQ2Q_rSKm0-eGZtyakog,34.238.143.76,4,2022,06,12
WTpQ2Q_rSKm0-eGZtyakog,34.238.143.76,8,2022,06,13
WTpQ2Q_rSKm0-eGZtyakog,34.238.143.76,10,2022,06,14
WTpQ2Q_rSKm0-eGZtyakog,36.33.24.184,1,2022,06,08
WTpQ2Q_rSKm0-eGZtyakog,36.33.24.184,1,2022,06,09
WTpQ2Q_rSKm0-eGZtyakog,36.33.24.184,1,2022,06,13
WTpQ2Q_rSKm0-eGZtyakog,38.99.100.2,31,2022,06,01
WTpQ2Q_rSKm0-eGZtyakog,38.99.100.2,27,2022,06,02
WTpQ2Q_rSKm0-eGZtyakog,38.99.100.2,8,2022,06,03
WTpQ2Q_rSKm0-eGZtyakog,38.99.100.2,8,2022,06,04
WTpQ2Q_rSKm0-eGZtyakog,38.99.100.2,8,2022,06,05
WTpQ2Q_rSKm0-eGZtyakog,38.99.100.2,34,2022,06,06
WTpQ2Q_rSKm0-eGZtyakog,38.99.100.2,30,2022,06,07
WTpQ2Q_rSKm0-eGZtyakog,38.99.100.2,36,2022,06,08
WTpQ2Q_rSKm0-eGZtyakog,38.99.100.2,41,2022,06,09
WTpQ2Q_rSKm0-eGZtyakog,38.99.100.2,26,2022,06,10
WTpQ2Q_rSKm0-eGZtyakog,38.99.100.2,12,2022,06,11
WTpQ2Q_rSKm0-eGZtyakog,38.99.100.2,12,2022,06,12
WTpQ2Q_rSKm0-eGZtyakog,38.99.100.2,35,2022,06,13
WTpQ2Q_rSKm0-eGZtyakog,38.99.100.2,35,2022,06,14
WTpQ2Q_rSKm0-eGZtyakog,38.99.100.7,1,2022,06,09
WTpQ2Q_rSKm0-eGZtyakog,38.99.100.7,1,2022,06,10
WTpQ2Q_rSKm0-eGZtyakog,38.99.100.7,1,2022,06,14
WTpQ2Q_rSKm0-eGZtyakog,52.220.255.171,1,2022,06,13
WTpQ2Q_rSKm0-eGZtyakog,52.74.225.218,3,2022,06,01
WTpQ2Q_rSKm0-eGZtyakog,52.74.225.218,3,2022,06,06
WTpQ2Q_rSKm0-eGZtyakog,52.74.225.218,3,2022,06,08
WTpQ2Q_rSKm0-eGZtyakog,52.74.225.218,5,2022,06,09
WTpQ2Q_rSKm0-eGZtyakog,52.74.225.218,1,2022,06,14
WTpQ2Q_rSKm0-eGZtyakog,52.76.116.153,4,2022,06,01
WTpQ2Q_rSKm0-eGZtyakog,52.76.116.153,1,2022,06,02
WTpQ2Q_rSKm0-eGZtyakog,52.76.116.153,2,2022,06,06
WTpQ2Q_rSKm0-eGZtyakog,52.76.116.153,1,2022,06,07
WTpQ2Q_rSKm0-eGZtyakog,52.76.116.153,6,2022,06,08
WTpQ2Q_rSKm0-eGZtyakog,52.76.116.153,2,2022,06,09
WTpQ2Q_rSKm0-eGZtyakog,52.76.116.153,1,2022,06,14
WTpQ2Q_rSKm0-eGZtyakog,54.179.122.232,1,2022,06,01
WTpQ2Q_rSKm0-eGZtyakog,54.179.122.232,2,2022,06,06
WTpQ2Q_rSKm0-eGZtyakog,54.179.122.232,3,2022,06,08
WTpQ2Q_rSKm0-eGZtyakog,54.179.122.232,1,2022,06,13
X149WODHT7GWjFZ9ZuSRZQ,2001:559:a4:225::195,2,2022,06,01
X149WODHT7GWjFZ9ZuSRZQ,2001:559:a4:225::195,2,2022,06,02
X149WODHT7GWjFZ9ZuSRZQ,2001:559:a4:225::195,2,2022,06,03
X149WODHT7GWjFZ9ZuSRZQ,2001:559:a4:225::195,2,2022,06,04
X149WODHT7GWjFZ9ZuSRZQ,2001:559:a4:225::195,1,2022,06,05
X149WODHT7GWjFZ9ZuSRZQ,2001:559:a4:225::195,2,2022,06,06
X149WODHT7GWjFZ9ZuSRZQ,2001:559:a4:225::195,2,2022,06,07
X149WODHT7GWjFZ9ZuSRZQ,2001:559:a4:225::195,2,2022,06,08
X149WODHT7GWjFZ9ZuSRZQ,2001:559:a4:225::195,2,2022,06,09
X149WODHT7GWjFZ9ZuSRZQ,2001:559:a4:225::195,2,2022,06,10
X149WODHT7GWjFZ9ZuSRZQ,2001:559:a4:225::195,2,2022,06,11
X149WODHT7GWjFZ9ZuSRZQ,2001:559:a4:225::195,2,2022,06,12
X149WODHT7GWjFZ9ZuSRZQ,2001:559:a4:225::195,2,2022,06,13
X149WODHT7GWjFZ9ZuSRZQ,2001:559:a4:225::195,2,2022,06,14
X149WODHT7GWjFZ9ZuSRZQ,2001:559:a4:225::89,2,2022,06,06
X149WODHT7GWjFZ9ZuSRZQ,34.215.195.251,1,2022,06,02
X149WODHT7GWjFZ9ZuSRZQ,34.215.195.251,1,2022,06,03
X149WODHT7GWjFZ9ZuSRZQ,34.215.195.251,1,2022,06,04
X149WODHT7GWjFZ9ZuSRZQ,34.215.195.251,1,2022,06,05
X149WODHT7GWjFZ9ZuSRZQ,34.215.195.251,1,2022,06,06
X149WODHT7GWjFZ9ZuSRZQ,34.215.195.251,1,2022,06,08
X149WODHT7GWjFZ9ZuSRZQ,34.215.195.251,1,2022,06,09
X149WODHT7GWjFZ9ZuSRZQ,34.215.195.251,1,2022,06,10
X149WODHT7GWjFZ9ZuSRZQ,34.215.195.251,1,2022,06,11
X149WODHT7GWjFZ9ZuSRZQ,34.215.195.251,1,2022,06,12
X149WODHT7GWjFZ9ZuSRZQ,34.215.195.251,1,2022,06,13
X149WODHT7GWjFZ9ZuSRZQ,34.215.195.251,1,2022,06,14
X149WODHT7GWjFZ9ZuSRZQ,34.238.143.76,1,2022,06,01
X149WODHT7GWjFZ9ZuSRZQ,34.238.143.76,1,2022,06,13
X149WODHT7GWjFZ9ZuSRZQ,38.99.100.2,5,2022,06,01
X149WODHT7GWjFZ9ZuSRZQ,38.99.100.2,3,2022,06,02
X149WODHT7GWjFZ9ZuSRZQ,38.99.100.2,3,2022,06,03
X149WODHT7GWjFZ9ZuSRZQ,38.99.100.2,3,2022,06,04
X149WODHT7GWjFZ9ZuSRZQ,38.99.100.2,2,2022,06,05
X149WODHT7GWjFZ9ZuSRZQ,38.99.100.2,3,2022,06,06
X149WODHT7GWjFZ9ZuSRZQ,38.99.100.2,3,2022,06,07
X149WODHT7GWjFZ9ZuSRZQ,38.99.100.2,3,2022,06,08
X149WODHT7GWjFZ9ZuSRZQ,38.99.100.2,3,2022,06,09
X149WODHT7GWjFZ9ZuSRZQ,38.99.100.2,3,2022,06,10
X149WODHT7GWjFZ9ZuSRZQ,38.99.100.2,3,2022,06,11
X149WODHT7GWjFZ9ZuSRZQ,38.99.100.2,3,2022,06,12
X149WODHT7GWjFZ9ZuSRZQ,38.99.100.2,3,2022,06,13
X149WODHT7GWjFZ9ZuSRZQ,38.99.100.2,3,2022,06,14
X149WODHT7GWjFZ9ZuSRZQ,38.99.100.7,1,2022,06,01
ZIc8jEg5RqumaGMmDfzpLw,2001:559:a4:225::195,6,2022,06,01
ZIc8jEg5RqumaGMmDfzpLw,2001:559:a4:225::195,6,2022,06,02
ZIc8jEg5RqumaGMmDfzpLw,2001:559:a4:225::195,6,2022,06,03
ZIc8jEg5RqumaGMmDfzpLw,2001:559:a4:225::195,6,2022,06,04
ZIc8jEg5RqumaGMmDfzpLw,2001:559:a4:225::195,6,2022,06,05
ZIc8jEg5RqumaGMmDfzpLw,2001:559:a4:225::195,6,2022,06,06
ZIc8jEg5RqumaGMmDfzpLw,2001:559:a4:225::195,6,2022,06,07
ZIc8jEg5RqumaGMmDfzpLw,2001:559:a4:225::195,6,2022,06,08
ZIc8jEg5RqumaGMmDfzpLw,2001:559:a4:225::195,6,2022,06,09
ZIc8jEg5RqumaGMmDfzpLw,2001:559:a4:225::195,6,2022,06,10
ZIc8jEg5RqumaGMmDfzpLw,2001:559:a4:225::195,6,2022,06,11
ZIc8jEg5RqumaGMmDfzpLw,2001:559:a4:225::195,6,2022,06,12
ZIc8jEg5RqumaGMmDfzpLw,2001:559:a4:225::195,6,2022,06,13
ZIc8jEg5RqumaGMmDfzpLw,2001:559:a4:225::195,6,2022,06,14
ZIc8jEg5RqumaGMmDfzpLw,2001:559:a4:225::89,2,2022,06,06
ZIc8jEg5RqumaGMmDfzpLw,3.232.225.49,1,2022,06,01
ZIc8jEg5RqumaGMmDfzpLw,3.232.225.49,1,2022,06,03
ZIc8jEg5RqumaGMmDfzpLw,3.232.225.49,1,2022,06,05
ZIc8jEg5RqumaGMmDfzpLw,3.232.225.49,1,2022,06,06
ZIc8jEg5RqumaGMmDfzpLw,3.232.225.49,1,2022,06,07
ZIc8jEg5RqumaGMmDfzpLw,3.232.225.49,1,2022,06,08
ZIc8jEg5RqumaGMmDfzpLw,3.232.225.49,1,2022,06,09
ZIc8jEg5RqumaGMmDfzpLw,3.232.225.49,1,2022,06,11
ZIc8jEg5RqumaGMmDfzpLw,3.232.225.49,1,2022,06,12
ZIc8jEg5RqumaGMmDfzpLw,3.233.120.23,1,2022,06,13
ZIc8jEg5RqumaGMmDfzpLw,3.233.120.23,1,2022,06,14
ZIc8jEg5RqumaGMmDfzpLw,34.238.143.76,3,2022,06,01
ZIc8jEg5RqumaGMmDfzpLw,34.238.143.76,3,2022,06,02
ZIc8jEg5RqumaGMmDfzpLw,34.238.143.76,3,2022,06,03
ZIc8jEg5RqumaGMmDfzpLw,34.238.143.76,3,2022,06,04
ZIc8jEg5RqumaGMmDfzpLw,34.238.143.76,3,2022,06,05
ZIc8jEg5RqumaGMmDfzpLw,34.238.143.76,3,2022,06,06
ZIc8jEg5RqumaGMmDfzpLw,34.238.143.76,3,2022,06,07
ZIc8jEg5RqumaGMmDfzpLw,34.238.143.76,3,2022,06,08
ZIc8jEg5RqumaGMmDfzpLw,34.238.143.76,3,2022,06,09
ZIc8jEg5RqumaGMmDfzpLw,34.238.143.76,3,2022,06,10
ZIc8jEg5RqumaGMmDfzpLw,34.238.143.76,3,2022,06,11
ZIc8jEg5RqumaGMmDfzpLw,34.238.143.76,3,2022,06,12
ZIc8jEg5RqumaGMmDfzpLw,34.238.143.76,3,2022,06,13
ZIc8jEg5RqumaGMmDfzpLw,34.238.143.76,3,2022,06,14
ZIc8jEg5RqumaGMmDfzpLw,38.99.100.2,6,2022,06,01
ZIc8jEg5RqumaGMmDfzpLw,38.99.100.2,7,2022,06,02
ZIc8jEg5RqumaGMmDfzpLw,38.99.100.2,7,2022,06,03
ZIc8jEg5RqumaGMmDfzpLw,38.99.100.2,7,2022,06,04
ZIc8jEg5RqumaGMmDfzpLw,38.99.100.2,7,2022,06,05
ZIc8jEg5RqumaGMmDfzpLw,38.99.100.2,6,2022,06,06
ZIc8jEg5RqumaGMmDfzpLw,38.99.100.2,7,2022,06,07
ZIc8jEg5RqumaGMmDfzpLw,38.99.100.2,7,2022,06,08
ZIc8jEg5RqumaGMmDfzpLw,38.99.100.2,7,2022,06,09
ZIc8jEg5RqumaGMmDfzpLw,38.99.100.2,7,2022,06,10
ZIc8jEg5RqumaGMmDfzpLw,38.99.100.2,6,2022,06,11
ZIc8jEg5RqumaGMmDfzpLw,38.99.100.2,7,2022,06,12
ZIc8jEg5RqumaGMmDfzpLw,38.99.100.2,7,2022,06,13
ZIc8jEg5RqumaGMmDfzpLw,38.99.100.2,6,2022,06,14
_Rll7t_-RViLUv8sHSX8ew,18.205.35.125,1,2022,06,01
_Rll7t_-RViLUv8sHSX8ew,18.215.88.65,1,2022,06,05
_Rll7t_-RViLUv8sHSX8ew,18.215.88.65,1,2022,06,06
_Rll7t_-RViLUv8sHSX8ew,18.215.88.65,1,2022,06,07
_Rll7t_-RViLUv8sHSX8ew,18.215.88.65,1,2022,06,08
_Rll7t_-RViLUv8sHSX8ew,18.215.88.65,1,2022,06,09
_Rll7t_-RViLUv8sHSX8ew,18.215.88.65,1,2022,06,10
_Rll7t_-RViLUv8sHSX8ew,18.215.88.65,1,2022,06,13
_Rll7t_-RViLUv8sHSX8ew,18.215.88.65,1,2022,06,14
_Rll7t_-RViLUv8sHSX8ew,2001:559:a4:225::195,1,2022,06,07
_Rll7t_-RViLUv8sHSX8ew,2001:559:a4:234:7453:fcd4:7e52:ef7f,1,2022,06,08
_Rll7t_-RViLUv8sHSX8ew,3.228.197.246,1,2022,06,08
_Rll7t_-RViLUv8sHSX8ew,34.215.195.251,2,2022,06,10
_Rll7t_-RViLUv8sHSX8ew,34.215.195.251,2,2022,06,13
_Rll7t_-RViLUv8sHSX8ew,34.238.143.76,2,2022,06,01
_Rll7t_-RViLUv8sHSX8ew,34.238.143.76,1,2022,06,02
_Rll7t_-RViLUv8sHSX8ew,34.238.143.76,1,2022,06,03
_Rll7t_-RViLUv8sHSX8ew,34.238.143.76,1,2022,06,04
_Rll7t_-RViLUv8sHSX8ew,34.238.143.76,1,2022,06,05
_Rll7t_-RViLUv8sHSX8ew,34.238.143.76,2,2022,06,06
_Rll7t_-RViLUv8sHSX8ew,34.238.143.76,2,2022,06,07
_Rll7t_-RViLUv8sHSX8ew,34.238.143.76,2,2022,06,08
_Rll7t_-RViLUv8sHSX8ew,34.238.143.76,2,2022,06,09
_Rll7t_-RViLUv8sHSX8ew,34.238.143.76,2,2022,06,10
_Rll7t_-RViLUv8sHSX8ew,34.238.143.76,1,2022,06,11
_Rll7t_-RViLUv8sHSX8ew,34.238.143.76,1,2022,06,12
_Rll7t_-RViLUv8sHSX8ew,34.238.143.76,2,2022,06,13
_Rll7t_-RViLUv8sHSX8ew,34.238.143.76,2,2022,06,14
_Rll7t_-RViLUv8sHSX8ew,38.99.100.2,5,2022,06,01
_Rll7t_-RViLUv8sHSX8ew,38.99.100.2,3,2022,06,02
_Rll7t_-RViLUv8sHSX8ew,38.99.100.2,1,2022,06,03
_Rll7t_-RViLUv8sHSX8ew,38.99.100.2,1,2022,06,04
_Rll7t_-RViLUv8sHSX8ew,38.99.100.2,1,2022,06,05
_Rll7t_-RViLUv8sHSX8ew,38.99.100.2,6,2022,06,06
_Rll7t_-RViLUv8sHSX8ew,38.99.100.2,21,2022,06,07
_Rll7t_-RViLUv8sHSX8ew,38.99.100.2,13,2022,06,08
_Rll7t_-RViLUv8sHSX8ew,38.99.100.2,17,2022,06,09
_Rll7t_-RViLUv8sHSX8ew,38.99.100.2,4,2022,06,10
_Rll7t_-RViLUv8sHSX8ew,38.99.100.2,1,2022,06,11
_Rll7t_-RViLUv8sHSX8ew,38.99.100.2,1,2022,06,12
_Rll7t_-RViLUv8sHSX8ew,38.99.100.2,20,2022,06,13
_Rll7t_-RViLUv8sHSX8ew,38.99.100.2,23,2022,06,14
_Rll7t_-RViLUv8sHSX8ew,52.76.116.153,1,2022,06,13
_Rll7t_-RViLUv8sHSX8ew,52.76.192.139,1,2022,06,07
_Rll7t_-RViLUv8sHSX8ew,54.179.122.232,1,2022,06,13
au09joJOTeaCIjEjW7cmFQ,2001:559:a4:225::195,6,2022,06,01
au09joJOTeaCIjEjW7cmFQ,2001:559:a4:225::195,6,2022,06,02
au09joJOTeaCIjEjW7cmFQ,2001:559:a4:225::195,6,2022,06,03
au09joJOTeaCIjEjW7cmFQ,2001:559:a4:225::195,6,2022,06,04
au09joJOTeaCIjEjW7cmFQ,2001:559:a4:225::195,6,2022,06,05
au09joJOTeaCIjEjW7cmFQ,2001:559:a4:225::195,6,2022,06,06
au09joJOTeaCIjEjW7cmFQ,2001:559:a4:225::195,6,2022,06,07
au09joJOTeaCIjEjW7cmFQ,2001:559:a4:225::195,6,2022,06,08
au09joJOTeaCIjEjW7cmFQ,2001:559:a4:225::195,6,2022,06,09
au09joJOTeaCIjEjW7cmFQ,2001:559:a4:225::195,6,2022,06,10
au09joJOTeaCIjEjW7cmFQ,2001:559:a4:225::195,6,2022,06,11
au09joJOTeaCIjEjW7cmFQ,2001:559:a4:225::195,6,2022,06,12
au09joJOTeaCIjEjW7cmFQ,2001:559:a4:225::195,6,2022,06,13
au09joJOTeaCIjEjW7cmFQ,2001:559:a4:225::195,6,2022,06,14
au09joJOTeaCIjEjW7cmFQ,2001:559:a4:225::89,4,2022,06,06
au09joJOTeaCIjEjW7cmFQ,3.228.197.246,1,2022,06,08
au09joJOTeaCIjEjW7cmFQ,3.228.197.246,1,2022,06,09
au09joJOTeaCIjEjW7cmFQ,3.232.225.49,1,2022,06,01
au09joJOTeaCIjEjW7cmFQ,3.232.225.49,1,2022,06,02
au09joJOTeaCIjEjW7cmFQ,3.232.225.49,1,2022,06,03
au09joJOTeaCIjEjW7cmFQ,3.232.225.49,1,2022,06,04
au09joJOTeaCIjEjW7cmFQ,3.232.225.49,1,2022,06,05
au09joJOTeaCIjEjW7cmFQ,3.232.225.49,1,2022,06,06
au09joJOTeaCIjEjW7cmFQ,3.232.225.49,1,2022,06,07
au09joJOTeaCIjEjW7cmFQ,3.232.225.49,1,2022,06,08
au09joJOTeaCIjEjW7cmFQ,3.232.225.49,1,2022,06,09
au09joJOTeaCIjEjW7cmFQ,3.232.225.49,1,2022,06,10
au09joJOTeaCIjEjW7cmFQ,3.232.225.49,1,2022,06,11
au09joJOTeaCIjEjW7cmFQ,3.232.225.49,1,2022,06,12
au09joJOTeaCIjEjW7cmFQ,3.232.225.49,1,2022,06,13
au09joJOTeaCIjEjW7cmFQ,3.232.225.49,1,2022,06,14
au09joJOTeaCIjEjW7cmFQ,34.238.143.76,3,2022,06,01
au09joJOTeaCIjEjW7cmFQ,34.238.143.76,3,2022,06,02
au09joJOTeaCIjEjW7cmFQ,34.238.143.76,3,2022,06,03
au09joJOTeaCIjEjW7cmFQ,34.238.143.76,3,2022,06,04
au09joJOTeaCIjEjW7cmFQ,34.238.143.76,3,2022,06,05
au09joJOTeaCIjEjW7cmFQ,34.238.143.76,3,2022,06,06
au09joJOTeaCIjEjW7cmFQ,34.238.143.76,3,2022,06,07
au09joJOTeaCIjEjW7cmFQ,34.238.143.76,3,2022,06,08
au09joJOTeaCIjEjW7cmFQ,34.238.143.76,3,2022,06,09
au09joJOTeaCIjEjW7cmFQ,34.238.143.76,3,2022,06,10
au09joJOTeaCIjEjW7cmFQ,34.238.143.76,3,2022,06,11
au09joJOTeaCIjEjW7cmFQ,34.238.143.76,3,2022,06,12
au09joJOTeaCIjEjW7cmFQ,34.238.143.76,3,2022,06,13
au09joJOTeaCIjEjW7cmFQ,34.238.143.76,3,2022,06,14
au09joJOTeaCIjEjW7cmFQ,38.99.100.2,7,2022,06,01
au09joJOTeaCIjEjW7cmFQ,38.99.100.2,7,2022,06,02
au09joJOTeaCIjEjW7cmFQ,38.99.100.2,7,2022,06,03
au09joJOTeaCIjEjW7cmFQ,38.99.100.2,6,2022,06,04
au09joJOTeaCIjEjW7cmFQ,38.99.100.2,7,2022,06,05
au09joJOTeaCIjEjW7cmFQ,38.99.100.2,7,2022,06,06
au09joJOTeaCIjEjW7cmFQ,38.99.100.2,7,2022,06,07
au09joJOTeaCIjEjW7cmFQ,38.99.100.2,7,2022,06,08
au09joJOTeaCIjEjW7cmFQ,38.99.100.2,7,2022,06,09
au09joJOTeaCIjEjW7cmFQ,38.99.100.2,7,2022,06,10
au09joJOTeaCIjEjW7cmFQ,38.99.100.2,7,2022,06,11
au09joJOTeaCIjEjW7cmFQ,38.99.100.2,7,2022,06,12
au09joJOTeaCIjEjW7cmFQ,38.99.100.2,7,2022,06,13
au09joJOTeaCIjEjW7cmFQ,38.99.100.2,7,2022,06,14
gaGRN96VSLCKvBvg-GsPNw,13.52.234.238,3,2022,06,14
gaGRN96VSLCKvBvg-GsPNw,18.205.35.125,2,2022,06,01
gaGRN96VSLCKvBvg-GsPNw,18.205.35.125,1,2022,06,02
gaGRN96VSLCKvBvg-GsPNw,18.205.35.125,1,2022,06,06
gaGRN96VSLCKvBvg-GsPNw,18.205.35.125,1,2022,06,14
gaGRN96VSLCKvBvg-GsPNw,18.215.88.65,1,2022,06,06
gaGRN96VSLCKvBvg-GsPNw,18.215.88.65,1,2022,06,08
gaGRN96VSLCKvBvg-GsPNw,18.215.88.65,1,2022,06,09
gaGRN96VSLCKvBvg-GsPNw,18.215.88.65,1,2022,06,10
gaGRN96VSLCKvBvg-GsPNw,18.215.88.65,1,2022,06,11
gaGRN96VSLCKvBvg-GsPNw,18.215.88.65,1,2022,06,13
gaGRN96VSLCKvBvg-GsPNw,18.215.88.65,1,2022,06,14
gaGRN96VSLCKvBvg-GsPNw,34.215.195.251,1,2022,06,01
gaGRN96VSLCKvBvg-GsPNw,34.215.195.251,2,2022,06,02
gaGRN96VSLCKvBvg-GsPNw,34.215.195.251,1,2022,06,06
gaGRN96VSLCKvBvg-GsPNw,34.215.195.251,1,2022,06,09
gaGRN96VSLCKvBvg-GsPNw,34.215.195.251,1,2022,06,10
gaGRN96VSLCKvBvg-GsPNw,34.215.195.251,1,2022,06,13
gaGRN96VSLCKvBvg-GsPNw,34.215.195.251,3,2022,06,14
gaGRN96VSLCKvBvg-GsPNw,34.238.143.76,1,2022,06,01
gaGRN96VSLCKvBvg-GsPNw,34.238.143.76,2,2022,06,02
gaGRN96VSLCKvBvg-GsPNw,34.238.143.76,1,2022,06,06
gaGRN96VSLCKvBvg-GsPNw,34.238.143.76,1,2022,06,07
gaGRN96VSLCKvBvg-GsPNw,34.238.143.76,1,2022,06,08
gaGRN96VSLCKvBvg-GsPNw,34.238.143.76,1,2022,06,09
gaGRN96VSLCKvBvg-GsPNw,34.238.143.76,2,2022,06,10
gaGRN96VSLCKvBvg-GsPNw,34.238.143.76,2,2022,06,13
gaGRN96VSLCKvBvg-GsPNw,34.238.143.76,3,2022,06,14
gaGRN96VSLCKvBvg-GsPNw,36.33.24.184,1,2022,06,14
gaGRN96VSLCKvBvg-GsPNw,38.99.100.2,11,2022,06,01
gaGRN96VSLCKvBvg-GsPNw,38.99.100.2,10,2022,06,02
gaGRN96VSLCKvBvg-GsPNw,38.99.100.2,6,2022,06,06
gaGRN96VSLCKvBvg-GsPNw,38.99.100.2,5,2022,06,07
gaGRN96VSLCKvBvg-GsPNw,38.99.100.2,3,2022,06,08
gaGRN96VSLCKvBvg-GsPNw,38.99.100.2,5,2022,06,09
gaGRN96VSLCKvBvg-GsPNw,38.99.100.2,7,2022,06,10
gaGRN96VSLCKvBvg-GsPNw,38.99.100.2,6,2022,06,13
gaGRN96VSLCKvBvg-GsPNw,38.99.100.2,6,2022,06,14
j8ws5gMTTNyto3Feftdt3w,34.238.143.76,12,2022,06,01
j8ws5gMTTNyto3Feftdt3w,34.238.143.76,12,2022,06,02
j8ws5gMTTNyto3Feftdt3w,34.238.143.76,12,2022,06,03
j8ws5gMTTNyto3Feftdt3w,34.238.143.76,12,2022,06,04
j8ws5gMTTNyto3Feftdt3w,34.238.143.76,12,2022,06,05
j8ws5gMTTNyto3Feftdt3w,34.238.143.76,6,2022,06,06
j8ws5gMTTNyto3Feftdt3w,34.238.143.76,12,2022,06,07
j8ws5gMTTNyto3Feftdt3w,34.238.143.76,12,2022,06,08
j8ws5gMTTNyto3Feftdt3w,34.238.143.76,11,2022,06,09
j8ws5gMTTNyto3Feftdt3w,34.238.143.76,1,2022,06,10
j8ws5gMTTNyto3Feftdt3w,34.238.143.76,12,2022,06,12
j8ws5gMTTNyto3Feftdt3w,34.238.143.76,12,2022,06,13
j8ws5gMTTNyto3Feftdt3w,34.238.143.76,11,2022,06,14
j8ws5gMTTNyto3Feftdt3w,38.99.100.2,13,2022,06,01
j8ws5gMTTNyto3Feftdt3w,38.99.100.2,13,2022,06,02
j8ws5gMTTNyto3Feftdt3w,38.99.100.2,13,2022,06,03
j8ws5gMTTNyto3Feftdt3w,38.99.100.2,13,2022,06,04
j8ws5gMTTNyto3Feftdt3w,38.99.100.2,13,2022,06,05
j8ws5gMTTNyto3Feftdt3w,38.99.100.2,8,2022,06,06
j8ws5gMTTNyto3Feftdt3w,38.99.100.2,13,2022,06,07
j8ws5gMTTNyto3Feftdt3w,38.99.100.2,13,2022,06,08
j8ws5gMTTNyto3Feftdt3w,38.99.100.2,12,2022,06,09
j8ws5gMTTNyto3Feftdt3w,38.99.100.2,2,2022,06,10
j8ws5gMTTNyto3Feftdt3w,38.99.100.2,13,2022,06,12
j8ws5gMTTNyto3Feftdt3w,38.99.100.2,13,2022,06,13
j8ws5gMTTNyto3Feftdt3w,38.99.100.2,12,2022,06,14
kzfVg5EyT3GRWT6CEGXmnw,34.215.195.251,3,2022,06,01
kzfVg5EyT3GRWT6CEGXmnw,34.215.195.251,1,2022,06,08
kzfVg5EyT3GRWT6CEGXmnw,34.215.195.251,2,2022,06,09
kzfVg5EyT3GRWT6CEGXmnw,34.215.195.251,3,2022,06,13
kzfVg5EyT3GRWT6CEGXmnw,34.215.195.251,2,2022,06,14
kzfVg5EyT3GRWT6CEGXmnw,34.238.143.76,2,2022,06,01
kzfVg5EyT3GRWT6CEGXmnw,34.238.143.76,1,2022,06,06
kzfVg5EyT3GRWT6CEGXmnw,34.238.143.76,1,2022,06,07
kzfVg5EyT3GRWT6CEGXmnw,34.238.143.76,1,2022,06,13
kzfVg5EyT3GRWT6CEGXmnw,34.238.143.76,3,2022,06,14
kzfVg5EyT3GRWT6CEGXmnw,38.99.100.2,3,2022,06,01
kzfVg5EyT3GRWT6CEGXmnw,38.99.100.2,3,2022,06,02
kzfVg5EyT3GRWT6CEGXmnw,38.99.100.2,2,2022,06,03
kzfVg5EyT3GRWT6CEGXmnw,38.99.100.2,2,2022,06,04
kzfVg5EyT3GRWT6CEGXmnw,38.99.100.2,2,2022,06,05
kzfVg5EyT3GRWT6CEGXmnw,38.99.100.2,5,2022,06,06
kzfVg5EyT3GRWT6CEGXmnw,38.99.100.2,6,2022,06,07
kzfVg5EyT3GRWT6CEGXmnw,38.99.100.2,6,2022,06,08
kzfVg5EyT3GRWT6CEGXmnw,38.99.100.2,9,2022,06,09
kzfVg5EyT3GRWT6CEGXmnw,38.99.100.2,3,2022,06,10
kzfVg5EyT3GRWT6CEGXmnw,38.99.100.2,1,2022,06,11
kzfVg5EyT3GRWT6CEGXmnw,38.99.100.2,1,2022,06,12
kzfVg5EyT3GRWT6CEGXmnw,38.99.100.2,3,2022,06,13
kzfVg5EyT3GRWT6CEGXmnw,38.99.100.2,5,2022,06,14
o1tCxiReSFG_I-JW8Zs-Jg,13.52.234.238,2,2022,06,14
o1tCxiReSFG_I-JW8Zs-Jg,18.205.35.125,2,2022,06,01
o1tCxiReSFG_I-JW8Zs-Jg,18.205.35.125,1,2022,06,02
o1tCxiReSFG_I-JW8Zs-Jg,18.205.35.125,1,2022,06,06
o1tCxiReSFG_I-JW8Zs-Jg,18.205.35.125,2,2022,06,07
o1tCxiReSFG_I-JW8Zs-Jg,18.205.35.125,1,2022,06,10
o1tCxiReSFG_I-JW8Zs-Jg,18.205.35.125,2,2022,06,13
o1tCxiReSFG_I-JW8Zs-Jg,18.205.35.125,1,2022,06,14
o1tCxiReSFG_I-JW8Zs-Jg,3.228.197.246,1,2022,06,06
o1tCxiReSFG_I-JW8Zs-Jg,34.215.195.251,2,2022,06,08
o1tCxiReSFG_I-JW8Zs-Jg,34.215.195.251,2,2022,06,09
o1tCxiReSFG_I-JW8Zs-Jg,34.215.195.251,2,2022,06,14
o1tCxiReSFG_I-JW8Zs-Jg,34.238.143.76,2,2022,06,01
o1tCxiReSFG_I-JW8Zs-Jg,34.238.143.76,2,2022,06,02
o1tCxiReSFG_I-JW8Zs-Jg,34.238.143.76,2,2022,06,06
o1tCxiReSFG_I-JW8Zs-Jg,34.238.143.76,2,2022,06,07
o1tCxiReSFG_I-JW8Zs-Jg,34.238.143.76,2,2022,06,08
o1tCxiReSFG_I-JW8Zs-Jg,34.238.143.76,2,2022,06,09
o1tCxiReSFG_I-JW8Zs-Jg,34.238.143.76,2,2022,06,10
o1tCxiReSFG_I-JW8Zs-Jg,34.238.143.76,2,2022,06,13
o1tCxiReSFG_I-JW8Zs-Jg,34.238.143.76,2,2022,06,14
o1tCxiReSFG_I-JW8Zs-Jg,38.99.100.2,4,2022,06,01
o1tCxiReSFG_I-JW8Zs-Jg,38.99.100.2,4,2022,06,02
o1tCxiReSFG_I-JW8Zs-Jg,38.99.100.2,1,2022,06,03
o1tCxiReSFG_I-JW8Zs-Jg,38.99.100.2,1,2022,06,04
o1tCxiReSFG_I-JW8Zs-Jg,38.99.100.2,1,2022,06,05
o1tCxiReSFG_I-JW8Zs-Jg,38.99.100.2,5,2022,06,06
o1tCxiReSFG_I-JW8Zs-Jg,38.99.100.2,4,2022,06,07
o1tCxiReSFG_I-JW8Zs-Jg,38.99.100.2,4,2022,06,08
o1tCxiReSFG_I-JW8Zs-Jg,38.99.100.2,4,2022,06,09
o1tCxiReSFG_I-JW8Zs-Jg,38.99.100.2,4,2022,06,10
o1tCxiReSFG_I-JW8Zs-Jg,38.99.100.2,2,2022,06,11
o1tCxiReSFG_I-JW8Zs-Jg,38.99.100.2,2,2022,06,12
o1tCxiReSFG_I-JW8Zs-Jg,38.99.100.2,4,2022,06,13
o1tCxiReSFG_I-JW8Zs-Jg,38.99.100.2,5,2022,06,14
o795-lSDSkCh9Uops8M7rw,13.228.40.163,1,2022,06,08
o795-lSDSkCh9Uops8M7rw,13.228.40.163,1,2022,06,13
o795-lSDSkCh9Uops8M7rw,18.205.35.125,1,2022,06,01
o795-lSDSkCh9Uops8M7rw,18.205.35.125,1,2022,06,02
o795-lSDSkCh9Uops8M7rw,18.215.88.65,1,2022,06,02
o795-lSDSkCh9Uops8M7rw,18.215.88.65,1,2022,06,03
o795-lSDSkCh9Uops8M7rw,18.215.88.65,1,2022,06,04
o795-lSDSkCh9Uops8M7rw,18.215.88.65,1,2022,06,05
o795-lSDSkCh9Uops8M7rw,18.215.88.65,1,2022,06,06
o795-lSDSkCh9Uops8M7rw,2001:559:a4:225::195,1,2022,06,10
o795-lSDSkCh9Uops8M7rw,2001:559:a4:225::195,1,2022,06,13
o795-lSDSkCh9Uops8M7rw,2001:559:a4:225::195,1,2022,06,14
o795-lSDSkCh9Uops8M7rw,2001:559:a4:227:24fe:7915:6bd7:5e9e,1,2022,06,02
o795-lSDSkCh9Uops8M7rw,2001:559:a4:227:9d86:c4da:d756:714,1,2022,06,01
o795-lSDSkCh9Uops8M7rw,2001:559:a4:227:9d86:c4da:d756:714,1,2022,06,02
o795-lSDSkCh9Uops8M7rw,2001:559:a4:227:9d86:c4da:d756:714,1,2022,06,07
o795-lSDSkCh9Uops8M7rw,2001:559:a4:227:9d86:c4da:d756:714,1,2022,06,08
o795-lSDSkCh9Uops8M7rw,2001:559:a4:227:c0e:95dc:932a:ef8c,1,2022,06,10
o795-lSDSkCh9Uops8M7rw,2001:559:a4:227:cd6f:b784:1173:1a64,2,2022,06,13
o795-lSDSkCh9Uops8M7rw,2001:559:a4:227:cd6f:b784:1173:1a64,1,2022,06,14
o795-lSDSkCh9Uops8M7rw,2001:559:a4:228:914a:4365:66c8:6d27,1,2022,06,08
o795-lSDSkCh9Uops8M7rw,2001:559:a4:236:2444:21fb:4e91:f792,2,2022,06,14
o795-lSDSkCh9Uops8M7rw,2001:559:a4:236:906e:1fee:d5c3:9e95,3,2022,06,13
o795-lSDSkCh9Uops8M7rw,2001:559:a4:236:9c7a:2700:2eab:cdcb,2,2022,06,13
o795-lSDSkCh9Uops8M7rw,3.208.254.246,1,2022,06,01
o795-lSDSkCh9Uops8M7rw,3.208.254.246,1,2022,06,06
o795-lSDSkCh9Uops8M7rw,3.211.133.56,2,2022,06,01
o795-lSDSkCh9Uops8M7rw,3.211.133.56,2,2022,06,06
o795-lSDSkCh9Uops8M7rw,3.211.70.114,1,2022,06,06
o795-lSDSkCh9Uops8M7rw,3.228.197.246,1,2022,06,09
o795-lSDSkCh9Uops8M7rw,34.215.195.251,3,2022,06,01
o795-lSDSkCh9Uops8M7rw,34.215.195.251,2,2022,06,02
o795-lSDSkCh9Uops8M7rw,34.215.195.251,1,2022,06,06
o795-lSDSkCh9Uops8M7rw,34.215.195.251,5,2022,06,11
o795-lSDSkCh9Uops8M7rw,34.215.195.251,3,2022,06,14
o795-lSDSkCh9Uops8M7rw,34.238.143.76,6,2022,06,01
o795-lSDSkCh9Uops8M7rw,34.238.143.76,6,2022,06,02
o795-lSDSkCh9Uops8M7rw,34.238.143.76,7,2022,06,06
o795-lSDSkCh9Uops8M7rw,34.238.143.76,6,2022,06,07
o795-lSDSkCh9Uops8M7rw,34.238.143.76,5,2022,06,08
o795-lSDSkCh9Uops8M7rw,34.238.143.76,6,2022,06,09
o795-lSDSkCh9Uops8M7rw,34.238.143.76,1,2022,06,10
o795-lSDSkCh9Uops8M7rw,34.238.143.76,4,2022,06,11
o795-lSDSkCh9Uops8M7rw,34.238.143.76,9,2022,06,13
o795-lSDSkCh9Uops8M7rw,34.238.143.76,12,2022,06,14
o795-lSDSkCh9Uops8M7rw,36.33.24.184,1,2022,06,01
o795-lSDSkCh9Uops8M7rw,36.33.24.184,1,2022,06,02
o795-lSDSkCh9Uops8M7rw,36.33.24.184,1,2022,06,06
o795-lSDSkCh9Uops8M7rw,36.33.24.184,4,2022,06,07
o795-lSDSkCh9Uops8M7rw,36.33.24.184,1,2022,06,08
o795-lSDSkCh9Uops8M7rw,36.33.24.184,1,2022,06,13
o795-lSDSkCh9Uops8M7rw,36.33.24.184,3,2022,06,14
o795-lSDSkCh9Uops8M7rw,38.99.100.2,37,2022,06,01
o795-lSDSkCh9Uops8M7rw,38.99.100.2,46,2022,06,02
o795-lSDSkCh9Uops8M7rw,38.99.100.2,15,2022,06,03
o795-lSDSkCh9Uops8M7rw,38.99.100.2,13,2022,06,04
o795-lSDSkCh9Uops8M7rw,38.99.100.2,13,2022,06,05
o795-lSDSkCh9Uops8M7rw,38.99.100.2,45,2022,06,06
o795-lSDSkCh9Uops8M7rw,38.99.100.2,44,2022,06,07
o795-lSDSkCh9Uops8M7rw,38.99.100.2,49,2022,06,08
o795-lSDSkCh9Uops8M7rw,38.99.100.2,41,2022,06,09
o795-lSDSkCh9Uops8M7rw,38.99.100.2,28,2022,06,10
o795-lSDSkCh9Uops8M7rw,38.99.100.2,30,2022,06,11
o795-lSDSkCh9Uops8M7rw,38.99.100.2,16,2022,06,12
o795-lSDSkCh9Uops8M7rw,38.99.100.2,57,2022,06,13
o795-lSDSkCh9Uops8M7rw,38.99.100.2,63,2022,06,14
o795-lSDSkCh9Uops8M7rw,38.99.100.7,5,2022,06,01
o795-lSDSkCh9Uops8M7rw,38.99.100.7,3,2022,06,02
o795-lSDSkCh9Uops8M7rw,38.99.100.7,2,2022,06,06
o795-lSDSkCh9Uops8M7rw,38.99.100.7,2,2022,06,07
o795-lSDSkCh9Uops8M7rw,38.99.100.7,3,2022,06,08
o795-lSDSkCh9Uops8M7rw,38.99.100.7,3,2022,06,09
o795-lSDSkCh9Uops8M7rw,38.99.100.7,3,2022,06,10
o795-lSDSkCh9Uops8M7rw,38.99.100.7,4,2022,06,14
o795-lSDSkCh9Uops8M7rw,52.220.255.171,1,2022,06,14
o795-lSDSkCh9Uops8M7rw,52.73.66.5,2,2022,06,01
o795-lSDSkCh9Uops8M7rw,52.73.66.5,1,2022,06,06
o795-lSDSkCh9Uops8M7rw,52.73.66.5,1,2022,06,07
o795-lSDSkCh9Uops8M7rw,52.74.225.218,2,2022,06,01
o795-lSDSkCh9Uops8M7rw,52.74.225.218,3,2022,06,02
o795-lSDSkCh9Uops8M7rw,52.74.225.218,1,2022,06,07
o795-lSDSkCh9Uops8M7rw,52.74.225.218,1,2022,06,09
o795-lSDSkCh9Uops8M7rw,52.76.116.153,2,2022,06,01
o795-lSDSkCh9Uops8M7rw,52.76.116.153,2,2022,06,02
o795-lSDSkCh9Uops8M7rw,52.76.116.153,1,2022,06,06
o795-lSDSkCh9Uops8M7rw,52.76.116.153,1,2022,06,07
o795-lSDSkCh9Uops8M7rw,52.76.116.153,1,2022,06,09
o795-lSDSkCh9Uops8M7rw,52.76.116.153,1,2022,06,11
o795-lSDSkCh9Uops8M7rw,52.76.116.153,1,2022,06,14
o795-lSDSkCh9Uops8M7rw,52.76.192.139,1,2022,06,06
o795-lSDSkCh9Uops8M7rw,54.147.230.103,1,2022,06,01
o795-lSDSkCh9Uops8M7rw,54.179.122.232,1,2022,06,08
o795-lSDSkCh9Uops8M7rw,54.179.122.232,1,2022,06,13
o795-lSDSkCh9Uops8M7rw,54.255.206.65,2,2022,06,14
q5rCW-I7RzOPIIiB6IN3Vg,34.238.143.76,1,2022,06,07
q5rCW-I7RzOPIIiB6IN3Vg,34.238.143.76,1,2022,06,08
q5rCW-I7RzOPIIiB6IN3Vg,34.238.143.76,1,2022,06,13
q5rCW-I7RzOPIIiB6IN3Vg,38.99.100.2,1,2022,06,07
q5rCW-I7RzOPIIiB6IN3Vg,38.99.100.2,1,2022,06,08
q5rCW-I7RzOPIIiB6IN3Vg,38.99.100.2,2,2022,06,13
q5rCW-I7RzOPIIiB6IN3Vg,38.99.100.2,3,2022,06,14
tETEyYluSBKoqAwT65OVnQ,13.52.234.238,7,2022,06,14
tETEyYluSBKoqAwT65OVnQ,18.205.35.125,14,2022,06,01
tETEyYluSBKoqAwT65OVnQ,18.205.35.125,10,2022,06,02
tETEyYluSBKoqAwT65OVnQ,18.205.35.125,2,2022,06,03
tETEyYluSBKoqAwT65OVnQ,18.205.35.125,8,2022,06,04
tETEyYluSBKoqAwT65OVnQ,18.205.35.125,10,2022,06,06
tETEyYluSBKoqAwT65OVnQ,18.205.35.125,5,2022,06,07
tETEyYluSBKoqAwT65OVnQ,18.205.35.125,2,2022,06,09
tETEyYluSBKoqAwT65OVnQ,18.205.35.125,9,2022,06,10
tETEyYluSBKoqAwT65OVnQ,18.205.35.125,1,2022,06,11
tETEyYluSBKoqAwT65OVnQ,18.205.35.125,7,2022,06,13
tETEyYluSBKoqAwT65OVnQ,18.205.35.125,6,2022,06,14
tETEyYluSBKoqAwT65OVnQ,3.228.197.246,1,2022,06,01
tETEyYluSBKoqAwT65OVnQ,3.228.197.246,1,2022,06,06
tETEyYluSBKoqAwT65OVnQ,34.215.195.251,3,2022,06,01
tETEyYluSBKoqAwT65OVnQ,34.238.143.76,13,2022,06,01
tETEyYluSBKoqAwT65OVnQ,34.238.143.76,11,2022,06,02
tETEyYluSBKoqAwT65OVnQ,34.238.143.76,13,2022,06,06
tETEyYluSBKoqAwT65OVnQ,34.238.143.76,7,2022,06,07
tETEyYluSBKoqAwT65OVnQ,34.238.143.76,14,2022,06,08
tETEyYluSBKoqAwT65OVnQ,34.238.143.76,9,2022,06,09
tETEyYluSBKoqAwT65OVnQ,34.238.143.76,6,2022,06,10
tETEyYluSBKoqAwT65OVnQ,34.238.143.76,5,2022,06,13
tETEyYluSBKoqAwT65OVnQ,34.238.143.76,10,2022,06,14
tETEyYluSBKoqAwT65OVnQ,38.99.100.2,23,2022,06,01
tETEyYluSBKoqAwT65OVnQ,38.99.100.2,13,2022,06,02
tETEyYluSBKoqAwT65OVnQ,38.99.100.2,8,2022,06,03
tETEyYluSBKoqAwT65OVnQ,38.99.100.2,10,2022,06,04
tETEyYluSBKoqAwT65OVnQ,38.99.100.2,9,2022,06,05
tETEyYluSBKoqAwT65OVnQ,38.99.100.2,15,2022,06,06
tETEyYluSBKoqAwT65OVnQ,38.99.100.2,13,2022,06,07
tETEyYluSBKoqAwT65OVnQ,38.99.100.2,15,2022,06,08
tETEyYluSBKoqAwT65OVnQ,38.99.100.2,14,2022,06,09
tETEyYluSBKoqAwT65OVnQ,38.99.100.2,9,2022,06,10
tETEyYluSBKoqAwT65OVnQ,38.99.100.2,8,2022,06,11
tETEyYluSBKoqAwT65OVnQ,38.99.100.2,8,2022,06,12
tETEyYluSBKoqAwT65OVnQ,38.99.100.2,10,2022,06,13
tETEyYluSBKoqAwT65OVnQ,38.99.100.2,15,2022,06,14
tETEyYluSBKoqAwT65OVnQ,38.99.100.7,8,2022,06,01
tETEyYluSBKoqAwT65OVnQ,38.99.100.7,7,2022,06,02
tETEyYluSBKoqAwT65OVnQ,38.99.100.7,7,2022,06,03
tETEyYluSBKoqAwT65OVnQ,38.99.100.7,5,2022,06,04
tETEyYluSBKoqAwT65OVnQ,38.99.100.7,1,2022,06,05
tETEyYluSBKoqAwT65OVnQ,38.99.100.7,4,2022,06,06
tETEyYluSBKoqAwT65OVnQ,38.99.100.7,3,2022,06,07
tETEyYluSBKoqAwT65OVnQ,38.99.100.7,2,2022,06,08
tETEyYluSBKoqAwT65OVnQ,38.99.100.7,2,2022,06,09
tETEyYluSBKoqAwT65OVnQ,38.99.100.7,3,2022,06,10
tETEyYluSBKoqAwT65OVnQ,38.99.100.7,1,2022,06,11
tETEyYluSBKoqAwT65OVnQ,38.99.100.7,1,2022,06,12
tETEyYluSBKoqAwT65OVnQ,38.99.100.7,3,2022,06,13
tETEyYluSBKoqAwT65OVnQ,38.99.100.7,4,2022,06,14
tETEyYluSBKoqAwT65OVnQ,52.76.116.153,1,2022,06,14
uFGXdR9KQmqgnKjUICQgcQ,34.215.195.251,8,2022,06,01
uFGXdR9KQmqgnKjUICQgcQ,34.215.195.251,6,2022,06,02
uFGXdR9KQmqgnKjUICQgcQ,34.215.195.251,2,2022,06,04
uFGXdR9KQmqgnKjUICQgcQ,34.215.195.251,2,2022,06,06
uFGXdR9KQmqgnKjUICQgcQ,34.215.195.251,2,2022,06,07
uFGXdR9KQmqgnKjUICQgcQ,34.215.195.251,8,2022,06,08
uFGXdR9KQmqgnKjUICQgcQ,34.215.195.251,8,2022,06,09
uFGXdR9KQmqgnKjUICQgcQ,34.215.195.251,6,2022,06,10
uFGXdR9KQmqgnKjUICQgcQ,34.215.195.251,2,2022,06,11
uFGXdR9KQmqgnKjUICQgcQ,34.215.195.251,6,2022,06,13
uFGXdR9KQmqgnKjUICQgcQ,34.215.195.251,5,2022,06,14
uFGXdR9KQmqgnKjUICQgcQ,34.238.143.76,8,2022,06,01
uFGXdR9KQmqgnKjUICQgcQ,34.238.143.76,6,2022,06,02
uFGXdR9KQmqgnKjUICQgcQ,34.238.143.76,1,2022,06,03
uFGXdR9KQmqgnKjUICQgcQ,34.238.143.76,1,2022,06,04
uFGXdR9KQmqgnKjUICQgcQ,34.238.143.76,4,2022,06,06
uFGXdR9KQmqgnKjUICQgcQ,34.238.143.76,4,2022,06,07
uFGXdR9KQmqgnKjUICQgcQ,34.238.143.76,8,2022,06,08
uFGXdR9KQmqgnKjUICQgcQ,34.238.143.76,8,2022,06,09
uFGXdR9KQmqgnKjUICQgcQ,34.238.143.76,5,2022,06,10
uFGXdR9KQmqgnKjUICQgcQ,34.238.143.76,2,2022,06,11
uFGXdR9KQmqgnKjUICQgcQ,34.238.143.76,10,2022,06,13
uFGXdR9KQmqgnKjUICQgcQ,34.238.143.76,6,2022,06,14
uFGXdR9KQmqgnKjUICQgcQ,38.99.100.2,11,2022,06,01
uFGXdR9KQmqgnKjUICQgcQ,38.99.100.2,11,2022,06,02
uFGXdR9KQmqgnKjUICQgcQ,38.99.100.2,10,2022,06,03
uFGXdR9KQmqgnKjUICQgcQ,38.99.100.2,10,2022,06,04
uFGXdR9KQmqgnKjUICQgcQ,38.99.100.2,10,2022,06,05
uFGXdR9KQmqgnKjUICQgcQ,38.99.100.2,13,2022,06,06
uFGXdR9KQmqgnKjUICQgcQ,38.99.100.2,13,2022,06,07
uFGXdR9KQmqgnKjUICQgcQ,38.99.100.2,15,2022,06,08
uFGXdR9KQmqgnKjUICQgcQ,38.99.100.2,14,2022,06,09
uFGXdR9KQmqgnKjUICQgcQ,38.99.100.2,14,2022,06,10
uFGXdR9KQmqgnKjUICQgcQ,38.99.100.2,12,2022,06,11
uFGXdR9KQmqgnKjUICQgcQ,38.99.100.2,12,2022,06,12
uFGXdR9KQmqgnKjUICQgcQ,38.99.100.2,12,2022,06,13
uFGXdR9KQmqgnKjUICQgcQ,38.99.100.2,12,2022,06,14
uFGXdR9KQmqgnKjUICQgcQ,38.99.100.7,6,2022,06,01
yvC1QJC9TjyqSUwLMIdpYA,13.52.234.238,1,2022,06,14
yvC1QJC9TjyqSUwLMIdpYA,18.205.35.125,1,2022,06,07
yvC1QJC9TjyqSUwLMIdpYA,2001:559:a4:225::195,1,2022,06,08
yvC1QJC9TjyqSUwLMIdpYA,2001:559:a4:225::195,1,2022,06,13
yvC1QJC9TjyqSUwLMIdpYA,2001:559:a4:227:b849:2335:1460:5ca8,1,2022,06,09
yvC1QJC9TjyqSUwLMIdpYA,3.228.197.246,1,2022,06,09
yvC1QJC9TjyqSUwLMIdpYA,3.228.197.246,1,2022,06,10
yvC1QJC9TjyqSUwLMIdpYA,3.228.197.246,1,2022,06,14
yvC1QJC9TjyqSUwLMIdpYA,34.238.143.76,3,2022,06,02
yvC1QJC9TjyqSUwLMIdpYA,34.238.143.76,4,2022,06,06
yvC1QJC9TjyqSUwLMIdpYA,34.238.143.76,5,2022,06,07
yvC1QJC9TjyqSUwLMIdpYA,34.238.143.76,6,2022,06,08
yvC1QJC9TjyqSUwLMIdpYA,34.238.143.76,6,2022,06,09
yvC1QJC9TjyqSUwLMIdpYA,34.238.143.76,2,2022,06,10
yvC1QJC9TjyqSUwLMIdpYA,34.238.143.76,3,2022,06,13
yvC1QJC9TjyqSUwLMIdpYA,34.238.143.76,1,2022,06,14
yvC1QJC9TjyqSUwLMIdpYA,36.33.24.184,2,2022,06,01
yvC1QJC9TjyqSUwLMIdpYA,36.33.24.184,2,2022,06,07
yvC1QJC9TjyqSUwLMIdpYA,36.33.24.184,1,2022,06,09
yvC1QJC9TjyqSUwLMIdpYA,36.33.24.184,3,2022,06,13
yvC1QJC9TjyqSUwLMIdpYA,36.33.24.184,1,2022,06,14
yvC1QJC9TjyqSUwLMIdpYA,38.99.100.2,15,2022,06,01
yvC1QJC9TjyqSUwLMIdpYA,38.99.100.2,15,2022,06,02
yvC1QJC9TjyqSUwLMIdpYA,38.99.100.2,6,2022,06,03
yvC1QJC9TjyqSUwLMIdpYA,38.99.100.2,4,2022,06,04
yvC1QJC9TjyqSUwLMIdpYA,38.99.100.2,4,2022,06,05
yvC1QJC9TjyqSUwLMIdpYA,38.99.100.2,21,2022,06,06
yvC1QJC9TjyqSUwLMIdpYA,38.99.100.2,21,2022,06,07
yvC1QJC9TjyqSUwLMIdpYA,38.99.100.2,17,2022,06,08
yvC1QJC9TjyqSUwLMIdpYA,38.99.100.2,17,2022,06,09
yvC1QJC9TjyqSUwLMIdpYA,38.99.100.2,18,2022,06,10
yvC1QJC9TjyqSUwLMIdpYA,38.99.100.2,9,2022,06,11
yvC1QJC9TjyqSUwLMIdpYA,38.99.100.2,9,2022,06,12
yvC1QJC9TjyqSUwLMIdpYA,38.99.100.2,14,2022,06,13
yvC1QJC9TjyqSUwLMIdpYA,38.99.100.2,27,2022,06,14
yvC1QJC9TjyqSUwLMIdpYA,38.99.100.7,1,2022,06,01
yvC1QJC9TjyqSUwLMIdpYA,52.74.225.218,1,2022,06,02
yvC1QJC9TjyqSUwLMIdpYA,52.74.225.218,2,2022,06,06
yvC1QJC9TjyqSUwLMIdpYA,52.74.225.218,1,2022,06,07
yvC1QJC9TjyqSUwLMIdpYA,52.74.225.218,1,2022,06,10
yvC1QJC9TjyqSUwLMIdpYA,52.74.225.218,1,2022,06,13
yvC1QJC9TjyqSUwLMIdpYA,52.74.225.218,2,2022,06,14
yvC1QJC9TjyqSUwLMIdpYA,52.76.116.153,1,2022,06,02
yvC1QJC9TjyqSUwLMIdpYA,52.76.116.153,2,2022,06,14
yvC1QJC9TjyqSUwLMIdpYA,54.179.122.232,2,2022,06,06
yvC1QJC9TjyqSUwLMIdpYA,54.179.122.232,2,2022,06,10
