account_id,xrealip,daily_ip_usage,year,month,day
#NAME?,13.52.234.238,1,2022,6,14
#NAME?,2001:559:a4:225::195,1,2022,6,1
#NAME?,2001:559:a4:225::195,8,2022,6,2
#NAME?,2001:559:a4:225::195,1,2022,6,6
#NAME?,2001:559:a4:225::195,8,2022,6,8
#NAME?,2001:559:a4:225::195,5,2022,6,9
#NAME?,2001:559:a4:23b:992c:5b5f:ea6e:e4af,17,2022,6,1
#NAME?,2001:559:a4:23b:992c:5b5f:ea6e:e4af,5,2022,6,9
#NAME?,3.228.197.246,6,2022,6,1
#NAME?,3.228.197.246,1,2022,6,7
#NAME?,3.228.197.246,6,2022,6,8
#NAME?,34.215.195.251,2,2022,6,1
#NAME?,34.215.195.251,1,2022,6,2
#NAME?,34.215.195.251,10,2022,6,6
#NAME?,34.215.195.251,14,2022,6,7
#NAME?,34.215.195.251,2,2022,6,14
#NAME?,34.238.143.76,166,2022,6,1
#NAME?,34.238.143.76,117,2022,6,2
#NAME?,34.238.143.76,75,2022,6,6
#NAME?,34.238.143.76,51,2022,6,7
#NAME?,34.238.143.76,78,2022,6,8
#NAME?,34.238.143.76,118,2022,6,9
#NAME?,34.238.143.76,43,2022,6,10
#NAME?,34.238.143.76,5,2022,6,11
#NAME?,34.238.143.76,7,2022,6,12
#NAME?,34.238.143.76,15,2022,6,13
#NAME?,34.238.143.76,60,2022,6,14
#NAME?,36.33.24.184,3,2022,6,6
#NAME?,38.99.100.2,1107,2022,6,1
#NAME?,38.99.100.2,911,2022,6,2
#NAME?,38.99.100.2,1,2022,6,3
#NAME?,38.99.100.2,1,2022,6,4
#NAME?,38.99.100.2,3,2022,6,5
#NAME?,38.99.100.2,482,2022,6,6
#NAME?,38.99.100.2,556,2022,6,7
#NAME?,38.99.100.2,807,2022,6,8
#NAME?,38.99.100.2,1098,2022,6,9
#NAME?,38.99.100.2,437,2022,6,10
#NAME?,38.99.100.2,33,2022,6,11
#NAME?,38.99.100.2,38,2022,6,12
#NAME?,38.99.100.2,225,2022,6,13
#NAME?,38.99.100.2,537,2022,6,14
#NAME?,38.99.100.7,46,2022,6,1
#NAME?,38.99.100.7,3,2022,6,7
#NAME?,38.99.100.7,68,2022,6,8
#NAME?,38.99.100.7,5,2022,6,14
#NAME?,52.220.255.171,1,2022,6,13
#NAME?,54.179.122.232,1,2022,6,13
1PMs3C13QBace6Xc-DO6wg,13.52.234.238,4,2022,6,14
1PMs3C13QBace6Xc-DO6wg,18.205.35.125,9,2022,6,1
1PMs3C13QBace6Xc-DO6wg,18.205.35.125,5,2022,6,2
1PMs3C13QBace6Xc-DO6wg,18.215.88.65,10,2022,6,2
1PMs3C13QBace6Xc-DO6wg,18.215.88.65,14,2022,6,3
1PMs3C13QBace6Xc-DO6wg,18.215.88.65,9,2022,6,4
1PMs3C13QBace6Xc-DO6wg,18.215.88.65,8,2022,6,5
1PMs3C13QBace6Xc-DO6wg,18.215.88.65,4,2022,6,6
1PMs3C13QBace6Xc-DO6wg,18.215.88.65,13,2022,6,7
1PMs3C13QBace6Xc-DO6wg,18.215.88.65,23,2022,6,8
1PMs3C13QBace6Xc-DO6wg,18.215.88.65,20,2022,6,9
1PMs3C13QBace6Xc-DO6wg,18.215.88.65,3,2022,6,10
1PMs3C13QBace6Xc-DO6wg,18.215.88.65,2,2022,6,11
1PMs3C13QBace6Xc-DO6wg,18.215.88.65,12,2022,6,12
1PMs3C13QBace6Xc-DO6wg,18.215.88.65,7,2022,6,13
1PMs3C13QBace6Xc-DO6wg,18.215.88.65,7,2022,6,14
1PMs3C13QBace6Xc-DO6wg,34.215.195.251,3,2022,6,1
1PMs3C13QBace6Xc-DO6wg,34.215.195.251,3,2022,6,2
1PMs3C13QBace6Xc-DO6wg,34.215.195.251,2,2022,6,3
1PMs3C13QBace6Xc-DO6wg,34.215.195.251,2,2022,6,4
1PMs3C13QBace6Xc-DO6wg,34.215.195.251,1,2022,6,5
1PMs3C13QBace6Xc-DO6wg,34.215.195.251,1,2022,6,6
1PMs3C13QBace6Xc-DO6wg,34.215.195.251,1,2022,6,7
1PMs3C13QBace6Xc-DO6wg,34.215.195.251,2,2022,6,8
1PMs3C13QBace6Xc-DO6wg,34.215.195.251,3,2022,6,9
1PMs3C13QBace6Xc-DO6wg,34.215.195.251,1,2022,6,10
1PMs3C13QBace6Xc-DO6wg,34.215.195.251,1,2022,6,12
1PMs3C13QBace6Xc-DO6wg,34.215.195.251,1,2022,6,13
1PMs3C13QBace6Xc-DO6wg,34.215.195.251,3,2022,6,14
1PMs3C13QBace6Xc-DO6wg,34.238.143.76,13,2022,6,1
1PMs3C13QBace6Xc-DO6wg,34.238.143.76,13,2022,6,2
1PMs3C13QBace6Xc-DO6wg,34.238.143.76,7,2022,6,3
1PMs3C13QBace6Xc-DO6wg,34.238.143.76,6,2022,6,4
1PMs3C13QBace6Xc-DO6wg,34.238.143.76,5,2022,6,5
1PMs3C13QBace6Xc-DO6wg,34.238.143.76,4,2022,6,6
1PMs3C13QBace6Xc-DO6wg,34.238.143.76,7,2022,6,7
1PMs3C13QBace6Xc-DO6wg,34.238.143.76,24,2022,6,8
1PMs3C13QBace6Xc-DO6wg,34.238.143.76,11,2022,6,9
1PMs3C13QBace6Xc-DO6wg,34.238.143.76,3,2022,6,10
1PMs3C13QBace6Xc-DO6wg,34.238.143.76,6,2022,6,12
1PMs3C13QBace6Xc-DO6wg,34.238.143.76,4,2022,6,13
1PMs3C13QBace6Xc-DO6wg,34.238.143.76,1,2022,6,14
1PMs3C13QBace6Xc-DO6wg,38.99.100.2,162,2022,6,1
1PMs3C13QBace6Xc-DO6wg,38.99.100.2,561,2022,6,2
1PMs3C13QBace6Xc-DO6wg,38.99.100.2,534,2022,6,3
1PMs3C13QBace6Xc-DO6wg,38.99.100.2,350,2022,6,4
1PMs3C13QBace6Xc-DO6wg,38.99.100.2,417,2022,6,5
1PMs3C13QBace6Xc-DO6wg,38.99.100.2,51,2022,6,6
1PMs3C13QBace6Xc-DO6wg,38.99.100.2,423,2022,6,7
1PMs3C13QBace6Xc-DO6wg,38.99.100.2,743,2022,6,8
1PMs3C13QBace6Xc-DO6wg,38.99.100.2,962,2022,6,9
1PMs3C13QBace6Xc-DO6wg,38.99.100.2,16,2022,6,10
1PMs3C13QBace6Xc-DO6wg,38.99.100.2,596,2022,6,12
1PMs3C13QBace6Xc-DO6wg,38.99.100.2,174,2022,6,13
1PMs3C13QBace6Xc-DO6wg,38.99.100.2,169,2022,6,14
1YTSivKkQrCXOmlnAUPaJA,2001:559:a4:225::195,3,2022,6,1
1YTSivKkQrCXOmlnAUPaJA,2001:559:a4:225::195,11,2022,6,8
1YTSivKkQrCXOmlnAUPaJA,2001:559:a4:225::195,6,2022,6,9
1YTSivKkQrCXOmlnAUPaJA,2001:559:a4:225::195,4,2022,6,10
1YTSivKkQrCXOmlnAUPaJA,2001:559:a4:225::195,10,2022,6,13
1YTSivKkQrCXOmlnAUPaJA,2001:559:a4:225::195,24,2022,6,14
1YTSivKkQrCXOmlnAUPaJA,34.238.143.76,1,2022,6,6
1YTSivKkQrCXOmlnAUPaJA,38.99.100.2,55,2022,6,1
1YTSivKkQrCXOmlnAUPaJA,38.99.100.2,52,2022,6,2
1YTSivKkQrCXOmlnAUPaJA,38.99.100.2,8,2022,6,4
1YTSivKkQrCXOmlnAUPaJA,38.99.100.2,316,2022,6,6
1YTSivKkQrCXOmlnAUPaJA,38.99.100.2,289,2022,6,7
1YTSivKkQrCXOmlnAUPaJA,38.99.100.2,46,2022,6,8
1YTSivKkQrCXOmlnAUPaJA,38.99.100.2,62,2022,6,9
1YTSivKkQrCXOmlnAUPaJA,38.99.100.2,7,2022,6,10
1YTSivKkQrCXOmlnAUPaJA,38.99.100.2,94,2022,6,13
1YTSivKkQrCXOmlnAUPaJA,38.99.100.2,87,2022,6,14
3zt8ho9cR8i6eFCKtBby8Q,13.52.234.238,48,2022,6,14
3zt8ho9cR8i6eFCKtBby8Q,2001:559:a4:225::195,2,2022,6,14
3zt8ho9cR8i6eFCKtBby8Q,3.228.197.246,1,2022,6,9
3zt8ho9cR8i6eFCKtBby8Q,34.215.195.251,1,2022,6,1
3zt8ho9cR8i6eFCKtBby8Q,34.215.195.251,1,2022,6,2
3zt8ho9cR8i6eFCKtBby8Q,34.215.195.251,3,2022,6,7
3zt8ho9cR8i6eFCKtBby8Q,34.215.195.251,1,2022,6,8
3zt8ho9cR8i6eFCKtBby8Q,34.215.195.251,3,2022,6,9
3zt8ho9cR8i6eFCKtBby8Q,34.215.195.251,1,2022,6,10
3zt8ho9cR8i6eFCKtBby8Q,34.215.195.251,5,2022,6,13
3zt8ho9cR8i6eFCKtBby8Q,34.215.195.251,1,2022,6,14
3zt8ho9cR8i6eFCKtBby8Q,34.238.143.76,76,2022,6,1
3zt8ho9cR8i6eFCKtBby8Q,34.238.143.76,61,2022,6,2
3zt8ho9cR8i6eFCKtBby8Q,34.238.143.76,4,2022,6,5
3zt8ho9cR8i6eFCKtBby8Q,34.238.143.76,61,2022,6,6
3zt8ho9cR8i6eFCKtBby8Q,34.238.143.76,100,2022,6,7
3zt8ho9cR8i6eFCKtBby8Q,34.238.143.76,51,2022,6,8
3zt8ho9cR8i6eFCKtBby8Q,34.238.143.76,69,2022,6,9
3zt8ho9cR8i6eFCKtBby8Q,34.238.143.76,41,2022,6,10
3zt8ho9cR8i6eFCKtBby8Q,34.238.143.76,61,2022,6,13
3zt8ho9cR8i6eFCKtBby8Q,34.238.143.76,21,2022,6,14
3zt8ho9cR8i6eFCKtBby8Q,38.99.100.2,348,2022,6,1
3zt8ho9cR8i6eFCKtBby8Q,38.99.100.2,402,2022,6,2
3zt8ho9cR8i6eFCKtBby8Q,38.99.100.2,1,2022,6,3
3zt8ho9cR8i6eFCKtBby8Q,38.99.100.2,1,2022,6,4
3zt8ho9cR8i6eFCKtBby8Q,38.99.100.2,1,2022,6,5
3zt8ho9cR8i6eFCKtBby8Q,38.99.100.2,298,2022,6,6
3zt8ho9cR8i6eFCKtBby8Q,38.99.100.2,410,2022,6,7
3zt8ho9cR8i6eFCKtBby8Q,38.99.100.2,514,2022,6,8
3zt8ho9cR8i6eFCKtBby8Q,38.99.100.2,290,2022,6,9
3zt8ho9cR8i6eFCKtBby8Q,38.99.100.2,223,2022,6,10
3zt8ho9cR8i6eFCKtBby8Q,38.99.100.2,494,2022,6,13
3zt8ho9cR8i6eFCKtBby8Q,38.99.100.2,478,2022,6,14
3zt8ho9cR8i6eFCKtBby8Q,38.99.100.7,23,2022,6,1
3zt8ho9cR8i6eFCKtBby8Q,38.99.100.7,64,2022,6,2
3zt8ho9cR8i6eFCKtBby8Q,38.99.100.7,3,2022,6,3
3zt8ho9cR8i6eFCKtBby8Q,38.99.100.7,4,2022,6,4
3zt8ho9cR8i6eFCKtBby8Q,38.99.100.7,47,2022,6,5
3zt8ho9cR8i6eFCKtBby8Q,38.99.100.7,194,2022,6,6
3zt8ho9cR8i6eFCKtBby8Q,38.99.100.7,202,2022,6,7
3zt8ho9cR8i6eFCKtBby8Q,38.99.100.7,80,2022,6,8
3zt8ho9cR8i6eFCKtBby8Q,38.99.100.7,397,2022,6,9
3zt8ho9cR8i6eFCKtBby8Q,38.99.100.7,52,2022,6,10
3zt8ho9cR8i6eFCKtBby8Q,38.99.100.7,50,2022,6,13
3zt8ho9cR8i6eFCKtBby8Q,38.99.100.7,39,2022,6,14
3zt8ho9cR8i6eFCKtBby8Q,38.99.114.227,11,2022,6,10
3zt8ho9cR8i6eFCKtBby8Q,52.76.192.139,2,2022,6,9
3zt8ho9cR8i6eFCKtBby8Q,52.76.192.139,1,2022,6,10
3zt8ho9cR8i6eFCKtBby8Q,52.76.192.139,1,2022,6,11
3zt8ho9cR8i6eFCKtBby8Q,52.76.192.139,1,2022,6,12
3zt8ho9cR8i6eFCKtBby8Q,52.76.192.139,1,2022,6,13
3zt8ho9cR8i6eFCKtBby8Q,52.76.192.139,2,2022,6,14
4I4sDxMPTVSwYLdsCGk8PA,13.52.234.238,2,2022,6,14
4I4sDxMPTVSwYLdsCGk8PA,34.215.195.251,2,2022,6,1
4I4sDxMPTVSwYLdsCGk8PA,34.215.195.251,1,2022,6,2
4I4sDxMPTVSwYLdsCGk8PA,34.215.195.251,3,2022,6,3
4I4sDxMPTVSwYLdsCGk8PA,34.215.195.251,1,2022,6,4
4I4sDxMPTVSwYLdsCGk8PA,34.215.195.251,2,2022,6,5
4I4sDxMPTVSwYLdsCGk8PA,34.215.195.251,2,2022,6,7
4I4sDxMPTVSwYLdsCGk8PA,34.215.195.251,2,2022,6,8
4I4sDxMPTVSwYLdsCGk8PA,34.215.195.251,2,2022,6,9
4I4sDxMPTVSwYLdsCGk8PA,34.215.195.251,1,2022,6,12
4I4sDxMPTVSwYLdsCGk8PA,34.215.195.251,3,2022,6,13
4I4sDxMPTVSwYLdsCGk8PA,34.215.195.251,1,2022,6,14
4I4sDxMPTVSwYLdsCGk8PA,34.238.143.76,6,2022,6,1
4I4sDxMPTVSwYLdsCGk8PA,34.238.143.76,6,2022,6,2
4I4sDxMPTVSwYLdsCGk8PA,34.238.143.76,2,2022,6,3
4I4sDxMPTVSwYLdsCGk8PA,34.238.143.76,1,2022,6,4
4I4sDxMPTVSwYLdsCGk8PA,34.238.143.76,2,2022,6,5
4I4sDxMPTVSwYLdsCGk8PA,34.238.143.76,9,2022,6,6
4I4sDxMPTVSwYLdsCGk8PA,34.238.143.76,4,2022,6,7
4I4sDxMPTVSwYLdsCGk8PA,34.238.143.76,2,2022,6,8
4I4sDxMPTVSwYLdsCGk8PA,34.238.143.76,2,2022,6,9
4I4sDxMPTVSwYLdsCGk8PA,34.238.143.76,2,2022,6,12
4I4sDxMPTVSwYLdsCGk8PA,34.238.143.76,3,2022,6,13
4I4sDxMPTVSwYLdsCGk8PA,38.99.100.2,206,2022,6,1
4I4sDxMPTVSwYLdsCGk8PA,38.99.100.2,155,2022,6,2
4I4sDxMPTVSwYLdsCGk8PA,38.99.100.2,214,2022,6,3
4I4sDxMPTVSwYLdsCGk8PA,38.99.100.2,79,2022,6,4
4I4sDxMPTVSwYLdsCGk8PA,38.99.100.2,156,2022,6,5
4I4sDxMPTVSwYLdsCGk8PA,38.99.100.2,76,2022,6,6
4I4sDxMPTVSwYLdsCGk8PA,38.99.100.2,147,2022,6,7
4I4sDxMPTVSwYLdsCGk8PA,38.99.100.2,141,2022,6,8
4I4sDxMPTVSwYLdsCGk8PA,38.99.100.2,175,2022,6,9
4I4sDxMPTVSwYLdsCGk8PA,38.99.100.2,97,2022,6,12
4I4sDxMPTVSwYLdsCGk8PA,38.99.100.2,189,2022,6,13
4I4sDxMPTVSwYLdsCGk8PA,38.99.100.2,105,2022,6,14
4tW7IarTR-GHmb_4speHwg,34.238.143.76,2,2022,6,7
4tW7IarTR-GHmb_4speHwg,34.238.143.76,1,2022,6,8
4tW7IarTR-GHmb_4speHwg,34.238.143.76,1,2022,6,13
4tW7IarTR-GHmb_4speHwg,34.238.143.76,3,2022,6,14
4tW7IarTR-GHmb_4speHwg,38.99.100.2,54,2022,6,1
4tW7IarTR-GHmb_4speHwg,38.99.100.2,32,2022,6,2
4tW7IarTR-GHmb_4speHwg,38.99.100.2,2,2022,6,3
4tW7IarTR-GHmb_4speHwg,38.99.100.2,2,2022,6,4
4tW7IarTR-GHmb_4speHwg,38.99.100.2,70,2022,6,5
4tW7IarTR-GHmb_4speHwg,38.99.100.2,58,2022,6,6
4tW7IarTR-GHmb_4speHwg,38.99.100.2,284,2022,6,7
4tW7IarTR-GHmb_4speHwg,38.99.100.2,121,2022,6,8
4tW7IarTR-GHmb_4speHwg,38.99.100.2,18,2022,6,9
4tW7IarTR-GHmb_4speHwg,38.99.100.2,101,2022,6,10
4tW7IarTR-GHmb_4speHwg,38.99.100.2,9,2022,6,12
4tW7IarTR-GHmb_4speHwg,38.99.100.2,113,2022,6,13
4tW7IarTR-GHmb_4speHwg,38.99.100.2,192,2022,6,14
8emmj7QmTB6-CSPoiaqRkw,13.52.234.238,1,2022,6,14
8emmj7QmTB6-CSPoiaqRkw,2001:559:a4:225::195,1,2022,6,1
8emmj7QmTB6-CSPoiaqRkw,34.215.195.251,1,2022,6,9
8emmj7QmTB6-CSPoiaqRkw,34.238.143.76,3,2022,6,1
8emmj7QmTB6-CSPoiaqRkw,34.238.143.76,12,2022,6,2
8emmj7QmTB6-CSPoiaqRkw,34.238.143.76,9,2022,6,6
8emmj7QmTB6-CSPoiaqRkw,34.238.143.76,6,2022,6,7
8emmj7QmTB6-CSPoiaqRkw,34.238.143.76,4,2022,6,8
8emmj7QmTB6-CSPoiaqRkw,34.238.143.76,2,2022,6,9
8emmj7QmTB6-CSPoiaqRkw,34.238.143.76,1,2022,6,10
8emmj7QmTB6-CSPoiaqRkw,34.238.143.76,2,2022,6,13
8emmj7QmTB6-CSPoiaqRkw,34.238.143.76,1,2022,6,14
8emmj7QmTB6-CSPoiaqRkw,38.99.100.2,238,2022,6,1
8emmj7QmTB6-CSPoiaqRkw,38.99.100.2,213,2022,6,2
8emmj7QmTB6-CSPoiaqRkw,38.99.100.2,12,2022,6,3
8emmj7QmTB6-CSPoiaqRkw,38.99.100.2,1,2022,6,4
8emmj7QmTB6-CSPoiaqRkw,38.99.100.2,279,2022,6,6
8emmj7QmTB6-CSPoiaqRkw,38.99.100.2,171,2022,6,7
8emmj7QmTB6-CSPoiaqRkw,38.99.100.2,92,2022,6,8
8emmj7QmTB6-CSPoiaqRkw,38.99.100.2,46,2022,6,9
8emmj7QmTB6-CSPoiaqRkw,38.99.100.2,12,2022,6,10
8emmj7QmTB6-CSPoiaqRkw,38.99.100.2,169,2022,6,13
8emmj7QmTB6-CSPoiaqRkw,38.99.100.2,276,2022,6,14
8emmj7QmTB6-CSPoiaqRkw,52.220.255.171,9,2022,6,13
8emmj7QmTB6-CSPoiaqRkw,52.220.255.171,2,2022,6,14
8emmj7QmTB6-CSPoiaqRkw,52.74.225.218,2,2022,6,6
8emmj7QmTB6-CSPoiaqRkw,52.74.225.218,1,2022,6,13
8emmj7QmTB6-CSPoiaqRkw,52.74.225.218,11,2022,6,14
8emmj7QmTB6-CSPoiaqRkw,52.76.116.153,11,2022,6,14
8emmj7QmTB6-CSPoiaqRkw,54.179.122.232,22,2022,6,13
8emmj7QmTB6-CSPoiaqRkw,54.179.122.232,2,2022,6,14
97IYU62bTpSY66_pir2PgA,13.110.78.8,6,2022,6,6
97IYU62bTpSY66_pir2PgA,13.52.234.238,33,2022,6,14
97IYU62bTpSY66_pir2PgA,2001:559:a4:225::195,17,2022,6,1
97IYU62bTpSY66_pir2PgA,2001:559:a4:225::195,10,2022,6,2
97IYU62bTpSY66_pir2PgA,2001:559:a4:225::195,2,2022,6,3
97IYU62bTpSY66_pir2PgA,2001:559:a4:225::195,1,2022,6,5
97IYU62bTpSY66_pir2PgA,2001:559:a4:225::195,1,2022,6,6
97IYU62bTpSY66_pir2PgA,2001:559:a4:225::195,2,2022,6,7
97IYU62bTpSY66_pir2PgA,2001:559:a4:225::195,26,2022,6,8
97IYU62bTpSY66_pir2PgA,2001:559:a4:225::195,73,2022,6,9
97IYU62bTpSY66_pir2PgA,2001:559:a4:225::195,2,2022,6,13
97IYU62bTpSY66_pir2PgA,2001:559:a4:225::195,5,2022,6,14
97IYU62bTpSY66_pir2PgA,2001:559:a4:227:9d86:c4da:d756:714,40,2022,6,7
97IYU62bTpSY66_pir2PgA,2001:559:a4:227:9d86:c4da:d756:714,9,2022,6,8
97IYU62bTpSY66_pir2PgA,2001:559:a4:227:cd6f:b784:1173:1a64,24,2022,6,8
97IYU62bTpSY66_pir2PgA,2001:559:a4:227:cd6f:b784:1173:1a64,21,2022,6,9
97IYU62bTpSY66_pir2PgA,2001:559:a4:227:cd6f:b784:1173:1a64,18,2022,6,10
97IYU62bTpSY66_pir2PgA,2001:559:a4:227:cd6f:b784:1173:1a64,47,2022,6,13
97IYU62bTpSY66_pir2PgA,2001:559:a4:227:cd6f:b784:1173:1a64,9,2022,6,14
97IYU62bTpSY66_pir2PgA,2001:559:a4:228:2863:1922:ff67:8bf0,2,2022,6,6
97IYU62bTpSY66_pir2PgA,2001:559:a4:228:396a:6f59:941f:5e4d,47,2022,6,9
97IYU62bTpSY66_pir2PgA,2001:559:a4:228:44fc:4964:6298:ee2,30,2022,6,9
97IYU62bTpSY66_pir2PgA,2001:559:a4:228:e083:9c7a:6cb2:fc3d,16,2022,6,9
97IYU62bTpSY66_pir2PgA,2001:559:a4:236:6592:69f2:e143:a38c,15,2022,6,8
97IYU62bTpSY66_pir2PgA,2001:559:a4:236:9c7a:2700:2eab:cdcb,24,2022,6,13
97IYU62bTpSY66_pir2PgA,2001:559:a4:236:9c7a:2700:2eab:cdcb,7,2022,6,14
97IYU62bTpSY66_pir2PgA,2001:559:a4:236:cdb2:72c4:6c84:32a5,117,2022,6,14
97IYU62bTpSY66_pir2PgA,2001:559:a4:236:fcd5:200:4d4:6bf2,45,2022,6,9
97IYU62bTpSY66_pir2PgA,2001:559:a4:238:3dc9:bbf2:d723:3683,8,2022,6,7
97IYU62bTpSY66_pir2PgA,2001:559:a4:23b:90f9:a027:dc43:e45b,6,2022,6,13
97IYU62bTpSY66_pir2PgA,2001:559:a4:23b:d8a7:c5ae:9bec:ae77,7,2022,6,13
97IYU62bTpSY66_pir2PgA,3.228.197.246,3,2022,6,7
97IYU62bTpSY66_pir2PgA,3.228.197.246,1,2022,6,9
97IYU62bTpSY66_pir2PgA,34.215.195.251,53,2022,6,1
97IYU62bTpSY66_pir2PgA,34.215.195.251,23,2022,6,2
97IYU62bTpSY66_pir2PgA,34.215.195.251,2,2022,6,3
97IYU62bTpSY66_pir2PgA,34.215.195.251,2,2022,6,4
97IYU62bTpSY66_pir2PgA,34.215.195.251,97,2022,6,6
97IYU62bTpSY66_pir2PgA,34.215.195.251,18,2022,6,7
97IYU62bTpSY66_pir2PgA,34.215.195.251,34,2022,6,8
97IYU62bTpSY66_pir2PgA,34.215.195.251,50,2022,6,9
97IYU62bTpSY66_pir2PgA,34.215.195.251,3,2022,6,10
97IYU62bTpSY66_pir2PgA,34.215.195.251,2,2022,6,11
97IYU62bTpSY66_pir2PgA,34.215.195.251,18,2022,6,13
97IYU62bTpSY66_pir2PgA,34.215.195.251,60,2022,6,14
97IYU62bTpSY66_pir2PgA,34.238.143.76,345,2022,6,1
97IYU62bTpSY66_pir2PgA,34.238.143.76,297,2022,6,2
97IYU62bTpSY66_pir2PgA,34.238.143.76,36,2022,6,3
97IYU62bTpSY66_pir2PgA,34.238.143.76,38,2022,6,4
97IYU62bTpSY66_pir2PgA,34.238.143.76,55,2022,6,5
97IYU62bTpSY66_pir2PgA,34.238.143.76,320,2022,6,6
97IYU62bTpSY66_pir2PgA,34.238.143.76,249,2022,6,7
97IYU62bTpSY66_pir2PgA,34.238.143.76,533,2022,6,8
97IYU62bTpSY66_pir2PgA,34.238.143.76,491,2022,6,9
97IYU62bTpSY66_pir2PgA,34.238.143.76,224,2022,6,10
97IYU62bTpSY66_pir2PgA,34.238.143.76,66,2022,6,11
97IYU62bTpSY66_pir2PgA,34.238.143.76,58,2022,6,12
97IYU62bTpSY66_pir2PgA,34.238.143.76,268,2022,6,13
97IYU62bTpSY66_pir2PgA,34.238.143.76,298,2022,6,14
97IYU62bTpSY66_pir2PgA,38.99.100.2,3669,2022,6,1
97IYU62bTpSY66_pir2PgA,38.99.100.2,2531,2022,6,2
97IYU62bTpSY66_pir2PgA,38.99.100.2,106,2022,6,3
97IYU62bTpSY66_pir2PgA,38.99.100.2,95,2022,6,4
97IYU62bTpSY66_pir2PgA,38.99.100.2,265,2022,6,5
97IYU62bTpSY66_pir2PgA,38.99.100.2,3008,2022,6,6
97IYU62bTpSY66_pir2PgA,38.99.100.2,4173,2022,6,7
97IYU62bTpSY66_pir2PgA,38.99.100.2,6287,2022,6,8
97IYU62bTpSY66_pir2PgA,38.99.100.2,5593,2022,6,9
97IYU62bTpSY66_pir2PgA,38.99.100.2,2379,2022,6,10
97IYU62bTpSY66_pir2PgA,38.99.100.2,303,2022,6,11
97IYU62bTpSY66_pir2PgA,38.99.100.2,143,2022,6,12
97IYU62bTpSY66_pir2PgA,38.99.100.2,2177,2022,6,13
97IYU62bTpSY66_pir2PgA,38.99.100.2,2293,2022,6,14
97IYU62bTpSY66_pir2PgA,38.99.100.7,107,2022,6,1
97IYU62bTpSY66_pir2PgA,38.99.100.7,173,2022,6,2
97IYU62bTpSY66_pir2PgA,38.99.100.7,130,2022,6,3
97IYU62bTpSY66_pir2PgA,38.99.100.7,19,2022,6,4
97IYU62bTpSY66_pir2PgA,38.99.100.7,332,2022,6,6
97IYU62bTpSY66_pir2PgA,38.99.100.7,271,2022,6,7
97IYU62bTpSY66_pir2PgA,38.99.100.7,197,2022,6,8
97IYU62bTpSY66_pir2PgA,38.99.100.7,231,2022,6,9
97IYU62bTpSY66_pir2PgA,38.99.100.7,217,2022,6,10
97IYU62bTpSY66_pir2PgA,38.99.100.7,25,2022,6,12
97IYU62bTpSY66_pir2PgA,38.99.100.7,194,2022,6,13
97IYU62bTpSY66_pir2PgA,38.99.100.7,206,2022,6,14
97IYU62bTpSY66_pir2PgA,52.74.225.218,1,2022,6,1
97IYU62bTpSY66_pir2PgA,52.76.116.153,1,2022,6,1
97IYU62bTpSY66_pir2PgA,52.76.116.153,1,2022,6,10
97IYU62bTpSY66_pir2PgA,52.76.116.153,1,2022,6,14
C7SHSvPfT6Sp_7LE8lNMmg,18.205.35.125,138,2022,6,1
C7SHSvPfT6Sp_7LE8lNMmg,18.205.35.125,239,2022,6,2
C7SHSvPfT6Sp_7LE8lNMmg,18.205.35.125,90,2022,6,6
C7SHSvPfT6Sp_7LE8lNMmg,18.215.88.65,1,2022,6,2
C7SHSvPfT6Sp_7LE8lNMmg,18.215.88.65,1,2022,6,5
C7SHSvPfT6Sp_7LE8lNMmg,18.215.88.65,6,2022,6,6
C7SHSvPfT6Sp_7LE8lNMmg,18.215.88.65,12,2022,6,7
C7SHSvPfT6Sp_7LE8lNMmg,18.215.88.65,1,2022,6,8
C7SHSvPfT6Sp_7LE8lNMmg,18.215.88.65,8,2022,6,9
C7SHSvPfT6Sp_7LE8lNMmg,18.215.88.65,8,2022,6,10
C7SHSvPfT6Sp_7LE8lNMmg,18.215.88.65,2,2022,6,11
C7SHSvPfT6Sp_7LE8lNMmg,18.215.88.65,13,2022,6,13
C7SHSvPfT6Sp_7LE8lNMmg,18.215.88.65,14,2022,6,14
C7SHSvPfT6Sp_7LE8lNMmg,34.215.195.251,2,2022,6,2
C7SHSvPfT6Sp_7LE8lNMmg,34.215.195.251,1,2022,6,6
C7SHSvPfT6Sp_7LE8lNMmg,34.215.195.251,3,2022,6,9
C7SHSvPfT6Sp_7LE8lNMmg,34.215.195.251,1,2022,6,13
C7SHSvPfT6Sp_7LE8lNMmg,34.215.195.251,2,2022,6,14
C7SHSvPfT6Sp_7LE8lNMmg,34.238.143.76,5,2022,6,1
C7SHSvPfT6Sp_7LE8lNMmg,34.238.143.76,10,2022,6,2
C7SHSvPfT6Sp_7LE8lNMmg,34.238.143.76,11,2022,6,6
C7SHSvPfT6Sp_7LE8lNMmg,34.238.143.76,11,2022,6,7
C7SHSvPfT6Sp_7LE8lNMmg,34.238.143.76,7,2022,6,8
C7SHSvPfT6Sp_7LE8lNMmg,34.238.143.76,8,2022,6,9
C7SHSvPfT6Sp_7LE8lNMmg,34.238.143.76,11,2022,6,10
C7SHSvPfT6Sp_7LE8lNMmg,34.238.143.76,15,2022,6,13
C7SHSvPfT6Sp_7LE8lNMmg,34.238.143.76,14,2022,6,14
C7SHSvPfT6Sp_7LE8lNMmg,38.99.100.2,210,2022,6,1
C7SHSvPfT6Sp_7LE8lNMmg,38.99.100.2,152,2022,6,2
C7SHSvPfT6Sp_7LE8lNMmg,38.99.100.2,2,2022,6,3
C7SHSvPfT6Sp_7LE8lNMmg,38.99.100.2,5,2022,6,4
C7SHSvPfT6Sp_7LE8lNMmg,38.99.100.2,4,2022,6,5
C7SHSvPfT6Sp_7LE8lNMmg,38.99.100.2,273,2022,6,6
C7SHSvPfT6Sp_7LE8lNMmg,38.99.100.2,329,2022,6,7
C7SHSvPfT6Sp_7LE8lNMmg,38.99.100.2,986,2022,6,8
C7SHSvPfT6Sp_7LE8lNMmg,38.99.100.2,232,2022,6,9
C7SHSvPfT6Sp_7LE8lNMmg,38.99.100.2,447,2022,6,10
C7SHSvPfT6Sp_7LE8lNMmg,38.99.100.2,4,2022,6,11
C7SHSvPfT6Sp_7LE8lNMmg,38.99.100.2,11,2022,6,12
C7SHSvPfT6Sp_7LE8lNMmg,38.99.100.2,586,2022,6,13
C7SHSvPfT6Sp_7LE8lNMmg,38.99.100.2,591,2022,6,14
C7SHSvPfT6Sp_7LE8lNMmg,52.74.225.218,2,2022,6,1
C7SHSvPfT6Sp_7LE8lNMmg,52.74.225.218,1,2022,6,7
C7SHSvPfT6Sp_7LE8lNMmg,52.76.116.153,8,2022,6,2
C7SHSvPfT6Sp_7LE8lNMmg,52.76.116.153,4,2022,6,7
C7SHSvPfT6Sp_7LE8lNMmg,54.179.122.232,3,2022,6,2
DakM9BF0SGGgR5X3zr08Nw,2001:559:a4:23b:b0e4:c28f:2118:c87,11,2022,6,1
DakM9BF0SGGgR5X3zr08Nw,2001:559:a4:23b:cbf:167e:7f45:5172,15,2022,6,10
DakM9BF0SGGgR5X3zr08Nw,2001:559:a4:23b:d0ce:a2b:e30e:7bcf,3,2022,6,13
DakM9BF0SGGgR5X3zr08Nw,2001:559:a4:23b:e156:9968:a028:da14,24,2022,6,2
DakM9BF0SGGgR5X3zr08Nw,2001:559:a4:23b:e156:9968:a028:da14,6,2022,6,7
DakM9BF0SGGgR5X3zr08Nw,3.228.197.246,1,2022,6,10
DakM9BF0SGGgR5X3zr08Nw,34.215.195.251,25,2022,6,1
DakM9BF0SGGgR5X3zr08Nw,34.215.195.251,2,2022,6,2
DakM9BF0SGGgR5X3zr08Nw,34.215.195.251,2,2022,6,13
DakM9BF0SGGgR5X3zr08Nw,34.238.143.76,19,2022,6,1
DakM9BF0SGGgR5X3zr08Nw,34.238.143.76,13,2022,6,2
DakM9BF0SGGgR5X3zr08Nw,34.238.143.76,1,2022,6,5
DakM9BF0SGGgR5X3zr08Nw,34.238.143.76,7,2022,6,6
DakM9BF0SGGgR5X3zr08Nw,34.238.143.76,8,2022,6,7
DakM9BF0SGGgR5X3zr08Nw,34.238.143.76,8,2022,6,8
DakM9BF0SGGgR5X3zr08Nw,34.238.143.76,6,2022,6,9
DakM9BF0SGGgR5X3zr08Nw,34.238.143.76,5,2022,6,10
DakM9BF0SGGgR5X3zr08Nw,34.238.143.76,8,2022,6,13
DakM9BF0SGGgR5X3zr08Nw,34.238.143.76,1,2022,6,14
DakM9BF0SGGgR5X3zr08Nw,38.99.100.2,406,2022,6,1
DakM9BF0SGGgR5X3zr08Nw,38.99.100.2,305,2022,6,2
DakM9BF0SGGgR5X3zr08Nw,38.99.100.2,24,2022,6,5
DakM9BF0SGGgR5X3zr08Nw,38.99.100.2,319,2022,6,6
DakM9BF0SGGgR5X3zr08Nw,38.99.100.2,302,2022,6,7
DakM9BF0SGGgR5X3zr08Nw,38.99.100.2,272,2022,6,8
DakM9BF0SGGgR5X3zr08Nw,38.99.100.2,171,2022,6,9
DakM9BF0SGGgR5X3zr08Nw,38.99.100.2,273,2022,6,10
DakM9BF0SGGgR5X3zr08Nw,38.99.100.2,430,2022,6,13
DakM9BF0SGGgR5X3zr08Nw,38.99.100.2,356,2022,6,14
DakM9BF0SGGgR5X3zr08Nw,52.74.225.218,2,2022,6,10
DakM9BF0SGGgR5X3zr08Nw,54.179.122.232,1,2022,6,10
DjrNQ0_GQQyVC3_dNS1aXA,18.138.183.50,2,2022,6,2
DjrNQ0_GQQyVC3_dNS1aXA,3.228.197.246,1,2022,6,8
DjrNQ0_GQQyVC3_dNS1aXA,3.228.197.246,2,2022,6,9
DjrNQ0_GQQyVC3_dNS1aXA,3.228.197.246,1,2022,6,10
DjrNQ0_GQQyVC3_dNS1aXA,3.228.197.246,2,2022,6,14
DjrNQ0_GQQyVC3_dNS1aXA,34.238.143.76,53,2022,6,1
DjrNQ0_GQQyVC3_dNS1aXA,34.238.143.76,50,2022,6,2
DjrNQ0_GQQyVC3_dNS1aXA,34.238.143.76,15,2022,6,6
DjrNQ0_GQQyVC3_dNS1aXA,34.238.143.76,48,2022,6,7
DjrNQ0_GQQyVC3_dNS1aXA,34.238.143.76,35,2022,6,8
DjrNQ0_GQQyVC3_dNS1aXA,34.238.143.76,92,2022,6,9
DjrNQ0_GQQyVC3_dNS1aXA,34.238.143.76,126,2022,6,10
DjrNQ0_GQQyVC3_dNS1aXA,34.238.143.76,48,2022,6,13
DjrNQ0_GQQyVC3_dNS1aXA,34.238.143.76,58,2022,6,14
DjrNQ0_GQQyVC3_dNS1aXA,38.99.100.2,187,2022,6,1
DjrNQ0_GQQyVC3_dNS1aXA,38.99.100.2,187,2022,6,2
DjrNQ0_GQQyVC3_dNS1aXA,38.99.100.2,83,2022,6,6
DjrNQ0_GQQyVC3_dNS1aXA,38.99.100.2,156,2022,6,7
DjrNQ0_GQQyVC3_dNS1aXA,38.99.100.2,133,2022,6,8
DjrNQ0_GQQyVC3_dNS1aXA,38.99.100.2,302,2022,6,9
DjrNQ0_GQQyVC3_dNS1aXA,38.99.100.2,459,2022,6,10
DjrNQ0_GQQyVC3_dNS1aXA,38.99.100.2,182,2022,6,13
DjrNQ0_GQQyVC3_dNS1aXA,38.99.100.2,184,2022,6,14
DjrNQ0_GQQyVC3_dNS1aXA,38.99.100.7,2,2022,6,1
DjrNQ0_GQQyVC3_dNS1aXA,52.76.192.139,2,2022,6,2
DjrNQ0_GQQyVC3_dNS1aXA,52.76.192.139,2,2022,6,3
DjrNQ0_GQQyVC3_dNS1aXA,52.76.192.139,2,2022,6,4
DjrNQ0_GQQyVC3_dNS1aXA,52.76.192.139,2,2022,6,5
DjrNQ0_GQQyVC3_dNS1aXA,52.76.192.139,2,2022,6,6
DjrNQ0_GQQyVC3_dNS1aXA,52.76.192.139,2,2022,6,7
DjrNQ0_GQQyVC3_dNS1aXA,52.76.192.139,1,2022,6,9
DjrNQ0_GQQyVC3_dNS1aXA,52.76.192.139,1,2022,6,10
DjrNQ0_GQQyVC3_dNS1aXA,52.76.192.139,1,2022,6,11
DjrNQ0_GQQyVC3_dNS1aXA,52.76.192.139,1,2022,6,12
DjrNQ0_GQQyVC3_dNS1aXA,52.76.192.139,1,2022,6,13
DjrNQ0_GQQyVC3_dNS1aXA,52.76.192.139,1,2022,6,14
Dt_we4tzRt-RcR5rsQ3nKA,34.215.195.251,17,2022,6,6
Dt_we4tzRt-RcR5rsQ3nKA,34.215.195.251,2,2022,6,7
Dt_we4tzRt-RcR5rsQ3nKA,34.215.195.251,3,2022,6,9
Dt_we4tzRt-RcR5rsQ3nKA,34.215.195.251,27,2022,6,13
Dt_we4tzRt-RcR5rsQ3nKA,34.215.195.251,2,2022,6,14
Dt_we4tzRt-RcR5rsQ3nKA,34.238.143.76,16,2022,6,1
Dt_we4tzRt-RcR5rsQ3nKA,34.238.143.76,8,2022,6,2
Dt_we4tzRt-RcR5rsQ3nKA,34.238.143.76,1,2022,6,4
Dt_we4tzRt-RcR5rsQ3nKA,34.238.143.76,1,2022,6,5
Dt_we4tzRt-RcR5rsQ3nKA,34.238.143.76,20,2022,6,6
Dt_we4tzRt-RcR5rsQ3nKA,34.238.143.76,15,2022,6,7
Dt_we4tzRt-RcR5rsQ3nKA,34.238.143.76,12,2022,6,8
Dt_we4tzRt-RcR5rsQ3nKA,34.238.143.76,11,2022,6,9
Dt_we4tzRt-RcR5rsQ3nKA,34.238.143.76,9,2022,6,10
Dt_we4tzRt-RcR5rsQ3nKA,34.238.143.76,1,2022,6,11
Dt_we4tzRt-RcR5rsQ3nKA,34.238.143.76,5,2022,6,12
Dt_we4tzRt-RcR5rsQ3nKA,34.238.143.76,35,2022,6,13
Dt_we4tzRt-RcR5rsQ3nKA,34.238.143.76,22,2022,6,14
Dt_we4tzRt-RcR5rsQ3nKA,38.99.100.2,206,2022,6,1
Dt_we4tzRt-RcR5rsQ3nKA,38.99.100.2,146,2022,6,2
Dt_we4tzRt-RcR5rsQ3nKA,38.99.100.2,28,2022,6,3
Dt_we4tzRt-RcR5rsQ3nKA,38.99.100.2,3,2022,6,4
Dt_we4tzRt-RcR5rsQ3nKA,38.99.100.2,3,2022,6,5
Dt_we4tzRt-RcR5rsQ3nKA,38.99.100.2,255,2022,6,6
Dt_we4tzRt-RcR5rsQ3nKA,38.99.100.2,128,2022,6,7
Dt_we4tzRt-RcR5rsQ3nKA,38.99.100.2,38,2022,6,8
Dt_we4tzRt-RcR5rsQ3nKA,38.99.100.2,66,2022,6,9
Dt_we4tzRt-RcR5rsQ3nKA,38.99.100.2,43,2022,6,10
Dt_we4tzRt-RcR5rsQ3nKA,38.99.100.2,3,2022,6,11
Dt_we4tzRt-RcR5rsQ3nKA,38.99.100.2,16,2022,6,12
Dt_we4tzRt-RcR5rsQ3nKA,38.99.100.2,628,2022,6,13
Dt_we4tzRt-RcR5rsQ3nKA,38.99.100.2,153,2022,6,14
EJK40hdJR_KHtCPJKZRIrA,13.52.234.238,1,2022,6,14
EJK40hdJR_KHtCPJKZRIrA,2001:559:a4:225::195,1,2022,6,14
EJK40hdJR_KHtCPJKZRIrA,2001:559:a4:228:fdab:b72:d0c3:26bc,41,2022,6,14
EJK40hdJR_KHtCPJKZRIrA,3.228.197.246,2,2022,6,10
EJK40hdJR_KHtCPJKZRIrA,34.215.195.251,4,2022,6,1
EJK40hdJR_KHtCPJKZRIrA,34.215.195.251,4,2022,6,2
EJK40hdJR_KHtCPJKZRIrA,34.215.195.251,2,2022,6,6
EJK40hdJR_KHtCPJKZRIrA,34.215.195.251,1,2022,6,8
EJK40hdJR_KHtCPJKZRIrA,34.215.195.251,3,2022,6,9
EJK40hdJR_KHtCPJKZRIrA,34.215.195.251,1,2022,6,10
EJK40hdJR_KHtCPJKZRIrA,34.215.195.251,6,2022,6,13
EJK40hdJR_KHtCPJKZRIrA,34.238.143.76,1,2022,6,9
EJK40hdJR_KHtCPJKZRIrA,38.99.100.2,343,2022,6,1
EJK40hdJR_KHtCPJKZRIrA,38.99.100.2,455,2022,6,2
EJK40hdJR_KHtCPJKZRIrA,38.99.100.2,1,2022,6,5
EJK40hdJR_KHtCPJKZRIrA,38.99.100.2,566,2022,6,6
EJK40hdJR_KHtCPJKZRIrA,38.99.100.2,105,2022,6,7
EJK40hdJR_KHtCPJKZRIrA,38.99.100.2,123,2022,6,8
EJK40hdJR_KHtCPJKZRIrA,38.99.100.2,211,2022,6,9
EJK40hdJR_KHtCPJKZRIrA,38.99.100.2,552,2022,6,10
EJK40hdJR_KHtCPJKZRIrA,38.99.100.2,184,2022,6,12
EJK40hdJR_KHtCPJKZRIrA,38.99.100.2,454,2022,6,13
EJK40hdJR_KHtCPJKZRIrA,38.99.100.2,499,2022,6,14
EJK40hdJR_KHtCPJKZRIrA,52.74.225.218,10,2022,6,6
EJK40hdJR_KHtCPJKZRIrA,52.74.225.218,2,2022,6,9
EJK40hdJR_KHtCPJKZRIrA,52.74.225.218,7,2022,6,10
EJK40hdJR_KHtCPJKZRIrA,52.76.116.153,8,2022,6,2
EJK40hdJR_KHtCPJKZRIrA,52.76.116.153,2,2022,6,6
EJK40hdJR_KHtCPJKZRIrA,52.76.192.139,2,2022,6,6
EJK40hdJR_KHtCPJKZRIrA,54.179.122.232,2,2022,6,2
EJK40hdJR_KHtCPJKZRIrA,54.179.122.232,2,2022,6,6
EJK40hdJR_KHtCPJKZRIrA,54.179.122.232,4,2022,6,9
EJK40hdJR_KHtCPJKZRIrA,54.179.122.232,2,2022,6,10
FU5PbbQOQOGvr419yP7Ytw,34.215.195.251,6,2022,6,1
FU5PbbQOQOGvr419yP7Ytw,34.215.195.251,2,2022,6,9
FU5PbbQOQOGvr419yP7Ytw,34.215.195.251,2,2022,6,13
FU5PbbQOQOGvr419yP7Ytw,34.215.195.251,1,2022,6,14
FU5PbbQOQOGvr419yP7Ytw,34.238.143.76,6,2022,6,1
FU5PbbQOQOGvr419yP7Ytw,34.238.143.76,10,2022,6,2
FU5PbbQOQOGvr419yP7Ytw,34.238.143.76,23,2022,6,6
FU5PbbQOQOGvr419yP7Ytw,34.238.143.76,19,2022,6,7
FU5PbbQOQOGvr419yP7Ytw,34.238.143.76,16,2022,6,8
FU5PbbQOQOGvr419yP7Ytw,34.238.143.76,8,2022,6,9
FU5PbbQOQOGvr419yP7Ytw,34.238.143.76,8,2022,6,10
FU5PbbQOQOGvr419yP7Ytw,34.238.143.76,3,2022,6,13
FU5PbbQOQOGvr419yP7Ytw,34.238.143.76,8,2022,6,14
FU5PbbQOQOGvr419yP7Ytw,38.99.100.2,69,2022,6,1
FU5PbbQOQOGvr419yP7Ytw,38.99.100.2,96,2022,6,2
FU5PbbQOQOGvr419yP7Ytw,38.99.100.2,195,2022,6,6
FU5PbbQOQOGvr419yP7Ytw,38.99.100.2,110,2022,6,7
FU5PbbQOQOGvr419yP7Ytw,38.99.100.2,124,2022,6,8
FU5PbbQOQOGvr419yP7Ytw,38.99.100.2,95,2022,6,9
FU5PbbQOQOGvr419yP7Ytw,38.99.100.2,39,2022,6,10
FU5PbbQOQOGvr419yP7Ytw,38.99.100.2,2,2022,6,11
FU5PbbQOQOGvr419yP7Ytw,38.99.100.2,6,2022,6,12
FU5PbbQOQOGvr419yP7Ytw,38.99.100.2,20,2022,6,13
FU5PbbQOQOGvr419yP7Ytw,38.99.100.2,72,2022,6,14
FU5PbbQOQOGvr419yP7Ytw,38.99.100.7,2,2022,6,1
FU5PbbQOQOGvr419yP7Ytw,52.76.192.139,2,2022,6,2
FU5PbbQOQOGvr419yP7Ytw,52.76.192.139,2,2022,6,6
FU5PbbQOQOGvr419yP7Ytw,52.76.192.139,2,2022,6,7
FU5PbbQOQOGvr419yP7Ytw,52.76.192.139,2,2022,6,8
FU5PbbQOQOGvr419yP7Ytw,52.76.192.139,2,2022,6,9
FU5PbbQOQOGvr419yP7Ytw,52.76.192.139,1,2022,6,10
FU5PbbQOQOGvr419yP7Ytw,52.76.192.139,1,2022,6,14
Fp0ROfWhR9S47xjq40LhPw,34.238.143.76,2,2022,6,1
Fp0ROfWhR9S47xjq40LhPw,34.238.143.76,1,2022,6,7
Fp0ROfWhR9S47xjq40LhPw,34.238.143.76,2,2022,6,8
Fp0ROfWhR9S47xjq40LhPw,34.238.143.76,2,2022,6,9
Fp0ROfWhR9S47xjq40LhPw,34.238.143.76,1,2022,6,10
Fp0ROfWhR9S47xjq40LhPw,34.238.143.76,1,2022,6,12
Fp0ROfWhR9S47xjq40LhPw,34.238.143.76,1,2022,6,13
Fp0ROfWhR9S47xjq40LhPw,38.99.100.2,686,2022,6,1
Fp0ROfWhR9S47xjq40LhPw,38.99.100.2,192,2022,6,2
Fp0ROfWhR9S47xjq40LhPw,38.99.100.2,29,2022,6,3
Fp0ROfWhR9S47xjq40LhPw,38.99.100.2,40,2022,6,4
Fp0ROfWhR9S47xjq40LhPw,38.99.100.2,40,2022,6,5
Fp0ROfWhR9S47xjq40LhPw,38.99.100.2,110,2022,6,6
Fp0ROfWhR9S47xjq40LhPw,38.99.100.2,301,2022,6,7
Fp0ROfWhR9S47xjq40LhPw,38.99.100.2,176,2022,6,8
Fp0ROfWhR9S47xjq40LhPw,38.99.100.2,214,2022,6,9
Fp0ROfWhR9S47xjq40LhPw,38.99.100.2,703,2022,6,10
Fp0ROfWhR9S47xjq40LhPw,38.99.100.2,220,2022,6,11
Fp0ROfWhR9S47xjq40LhPw,38.99.100.2,48,2022,6,12
Fp0ROfWhR9S47xjq40LhPw,38.99.100.2,141,2022,6,13
Fp0ROfWhR9S47xjq40LhPw,38.99.100.2,227,2022,6,14
Fp0ROfWhR9S47xjq40LhPw,38.99.100.7,1,2022,6,1
Fp0ROfWhR9S47xjq40LhPw,52.73.66.5,1,2022,6,14
Fp0ROfWhR9S47xjq40LhPw,52.76.116.153,1,2022,6,2
Fp0ROfWhR9S47xjq40LhPw,52.76.116.153,1,2022,6,6
Fp0ROfWhR9S47xjq40LhPw,52.76.116.153,1,2022,6,9
Fp0ROfWhR9S47xjq40LhPw,54.179.122.232,1,2022,6,6
M5UsaeEbQrC2oxCrQzferQ,18.205.35.125,2,2022,6,7
M5UsaeEbQrC2oxCrQzferQ,18.205.35.125,4,2022,6,8
M5UsaeEbQrC2oxCrQzferQ,2001:559:a4:227:c0e:95dc:932a:ef8c,3,2022,6,10
M5UsaeEbQrC2oxCrQzferQ,2001:559:a4:227:cd6f:b784:1173:1a64,7,2022,6,9
M5UsaeEbQrC2oxCrQzferQ,2001:559:a4:236:71ea:c5d6:cda4:f6fe,3,2022,6,9
M5UsaeEbQrC2oxCrQzferQ,34.215.195.251,1,2022,6,6
M5UsaeEbQrC2oxCrQzferQ,34.215.195.251,1,2022,6,7
M5UsaeEbQrC2oxCrQzferQ,34.215.195.251,7,2022,6,9
M5UsaeEbQrC2oxCrQzferQ,34.215.195.251,7,2022,6,10
M5UsaeEbQrC2oxCrQzferQ,34.215.195.251,2,2022,6,14
M5UsaeEbQrC2oxCrQzferQ,34.238.143.76,1,2022,6,2
M5UsaeEbQrC2oxCrQzferQ,34.238.143.76,2,2022,6,8
M5UsaeEbQrC2oxCrQzferQ,34.238.143.76,1,2022,6,10
M5UsaeEbQrC2oxCrQzferQ,34.238.143.76,2,2022,6,13
M5UsaeEbQrC2oxCrQzferQ,34.238.143.76,4,2022,6,14
M5UsaeEbQrC2oxCrQzferQ,38.99.100.2,189,2022,6,1
M5UsaeEbQrC2oxCrQzferQ,38.99.100.2,276,2022,6,2
M5UsaeEbQrC2oxCrQzferQ,38.99.100.2,595,2022,6,6
M5UsaeEbQrC2oxCrQzferQ,38.99.100.2,135,2022,6,7
M5UsaeEbQrC2oxCrQzferQ,38.99.100.2,119,2022,6,8
M5UsaeEbQrC2oxCrQzferQ,38.99.100.2,370,2022,6,9
M5UsaeEbQrC2oxCrQzferQ,38.99.100.2,371,2022,6,10
M5UsaeEbQrC2oxCrQzferQ,38.99.100.2,62,2022,6,13
M5UsaeEbQrC2oxCrQzferQ,38.99.100.2,143,2022,6,14
MCGu83PTQYSrrJ8rDd4vqA,34.215.195.251,4,2022,6,2
MCGu83PTQYSrrJ8rDd4vqA,34.215.195.251,2,2022,6,8
MCGu83PTQYSrrJ8rDd4vqA,34.215.195.251,2,2022,6,10
MCGu83PTQYSrrJ8rDd4vqA,34.238.143.76,12,2022,6,1
MCGu83PTQYSrrJ8rDd4vqA,34.238.143.76,12,2022,6,2
MCGu83PTQYSrrJ8rDd4vqA,34.238.143.76,2,2022,6,3
MCGu83PTQYSrrJ8rDd4vqA,34.238.143.76,2,2022,6,4
MCGu83PTQYSrrJ8rDd4vqA,34.238.143.76,4,2022,6,5
MCGu83PTQYSrrJ8rDd4vqA,34.238.143.76,4,2022,6,7
MCGu83PTQYSrrJ8rDd4vqA,34.238.143.76,7,2022,6,8
MCGu83PTQYSrrJ8rDd4vqA,34.238.143.76,4,2022,6,9
MCGu83PTQYSrrJ8rDd4vqA,34.238.143.76,8,2022,6,10
MCGu83PTQYSrrJ8rDd4vqA,34.238.143.76,6,2022,6,12
MCGu83PTQYSrrJ8rDd4vqA,34.238.143.76,2,2022,6,13
MCGu83PTQYSrrJ8rDd4vqA,34.238.143.76,6,2022,6,14
MCGu83PTQYSrrJ8rDd4vqA,38.99.100.2,109,2022,6,1
MCGu83PTQYSrrJ8rDd4vqA,38.99.100.2,323,2022,6,2
MCGu83PTQYSrrJ8rDd4vqA,38.99.100.2,119,2022,6,3
MCGu83PTQYSrrJ8rDd4vqA,38.99.100.2,120,2022,6,4
MCGu83PTQYSrrJ8rDd4vqA,38.99.100.2,239,2022,6,5
MCGu83PTQYSrrJ8rDd4vqA,38.99.100.2,120,2022,6,7
MCGu83PTQYSrrJ8rDd4vqA,38.99.100.2,215,2022,6,8
MCGu83PTQYSrrJ8rDd4vqA,38.99.100.2,244,2022,6,9
MCGu83PTQYSrrJ8rDd4vqA,38.99.100.2,286,2022,6,10
MCGu83PTQYSrrJ8rDd4vqA,38.99.100.2,13,2022,6,11
MCGu83PTQYSrrJ8rDd4vqA,38.99.100.2,223,2022,6,12
MCGu83PTQYSrrJ8rDd4vqA,38.99.100.2,121,2022,6,13
MCGu83PTQYSrrJ8rDd4vqA,38.99.100.2,261,2022,6,14
OkuDh8wjTouZ4g6NlzVRAg,18.205.35.125,2,2022,6,2
OkuDh8wjTouZ4g6NlzVRAg,18.215.88.65,1,2022,6,3
OkuDh8wjTouZ4g6NlzVRAg,18.215.88.65,2,2022,6,6
OkuDh8wjTouZ4g6NlzVRAg,18.215.88.65,3,2022,6,7
OkuDh8wjTouZ4g6NlzVRAg,18.215.88.65,5,2022,6,8
OkuDh8wjTouZ4g6NlzVRAg,18.215.88.65,8,2022,6,9
OkuDh8wjTouZ4g6NlzVRAg,18.215.88.65,1,2022,6,10
OkuDh8wjTouZ4g6NlzVRAg,18.215.88.65,1,2022,6,12
OkuDh8wjTouZ4g6NlzVRAg,18.215.88.65,10,2022,6,13
OkuDh8wjTouZ4g6NlzVRAg,18.215.88.65,18,2022,6,14
OkuDh8wjTouZ4g6NlzVRAg,2001:559:a4:227:9d86:c4da:d756:714,2,2022,6,7
OkuDh8wjTouZ4g6NlzVRAg,2001:559:a4:236:ed57:66a7:9628:12a4,6,2022,6,7
OkuDh8wjTouZ4g6NlzVRAg,3.228.197.246,1,2022,6,8
OkuDh8wjTouZ4g6NlzVRAg,34.215.195.251,4,2022,6,2
OkuDh8wjTouZ4g6NlzVRAg,34.215.195.251,2,2022,6,8
OkuDh8wjTouZ4g6NlzVRAg,34.215.195.251,4,2022,6,9
OkuDh8wjTouZ4g6NlzVRAg,34.215.195.251,7,2022,6,13
OkuDh8wjTouZ4g6NlzVRAg,34.215.195.251,9,2022,6,14
OkuDh8wjTouZ4g6NlzVRAg,34.238.143.76,13,2022,6,1
OkuDh8wjTouZ4g6NlzVRAg,34.238.143.76,25,2022,6,2
OkuDh8wjTouZ4g6NlzVRAg,34.238.143.76,2,2022,6,4
OkuDh8wjTouZ4g6NlzVRAg,34.238.143.76,1,2022,6,5
OkuDh8wjTouZ4g6NlzVRAg,34.238.143.76,22,2022,6,6
OkuDh8wjTouZ4g6NlzVRAg,34.238.143.76,20,2022,6,7
OkuDh8wjTouZ4g6NlzVRAg,34.238.143.76,19,2022,6,8
OkuDh8wjTouZ4g6NlzVRAg,34.238.143.76,37,2022,6,9
OkuDh8wjTouZ4g6NlzVRAg,34.238.143.76,16,2022,6,10
OkuDh8wjTouZ4g6NlzVRAg,34.238.143.76,6,2022,6,11
OkuDh8wjTouZ4g6NlzVRAg,34.238.143.76,13,2022,6,12
OkuDh8wjTouZ4g6NlzVRAg,34.238.143.76,42,2022,6,13
OkuDh8wjTouZ4g6NlzVRAg,34.238.143.76,26,2022,6,14
OkuDh8wjTouZ4g6NlzVRAg,36.33.24.184,7,2022,6,13
OkuDh8wjTouZ4g6NlzVRAg,38.99.100.2,254,2022,6,1
OkuDh8wjTouZ4g6NlzVRAg,38.99.100.2,323,2022,6,2
OkuDh8wjTouZ4g6NlzVRAg,38.99.100.2,10,2022,6,3
OkuDh8wjTouZ4g6NlzVRAg,38.99.100.2,5,2022,6,4
OkuDh8wjTouZ4g6NlzVRAg,38.99.100.2,3,2022,6,5
OkuDh8wjTouZ4g6NlzVRAg,38.99.100.2,456,2022,6,6
OkuDh8wjTouZ4g6NlzVRAg,38.99.100.2,784,2022,6,7
OkuDh8wjTouZ4g6NlzVRAg,38.99.100.2,193,2022,6,8
OkuDh8wjTouZ4g6NlzVRAg,38.99.100.2,613,2022,6,9
OkuDh8wjTouZ4g6NlzVRAg,38.99.100.2,29,2022,6,10
OkuDh8wjTouZ4g6NlzVRAg,38.99.100.2,15,2022,6,11
OkuDh8wjTouZ4g6NlzVRAg,38.99.100.2,42,2022,6,12
OkuDh8wjTouZ4g6NlzVRAg,38.99.100.2,451,2022,6,13
OkuDh8wjTouZ4g6NlzVRAg,38.99.100.2,790,2022,6,14
OkuDh8wjTouZ4g6NlzVRAg,52.74.225.218,1,2022,6,13
OkuDh8wjTouZ4g6NlzVRAg,52.76.192.139,1,2022,6,11
Oz_q6jW6SVaQq6wux5h87w,13.52.234.238,24,2022,6,14
Oz_q6jW6SVaQq6wux5h87w,18.205.35.125,5,2022,6,1
Oz_q6jW6SVaQq6wux5h87w,18.205.35.125,1,2022,6,14
Oz_q6jW6SVaQq6wux5h87w,34.215.195.251,3,2022,6,6
Oz_q6jW6SVaQq6wux5h87w,34.215.195.251,3,2022,6,7
Oz_q6jW6SVaQq6wux5h87w,34.215.195.251,1,2022,6,8
Oz_q6jW6SVaQq6wux5h87w,34.215.195.251,1,2022,6,9
Oz_q6jW6SVaQq6wux5h87w,34.238.143.76,12,2022,6,1
Oz_q6jW6SVaQq6wux5h87w,34.238.143.76,12,2022,6,2
Oz_q6jW6SVaQq6wux5h87w,34.238.143.76,12,2022,6,6
Oz_q6jW6SVaQq6wux5h87w,34.238.143.76,3,2022,6,7
Oz_q6jW6SVaQq6wux5h87w,34.238.143.76,14,2022,6,8
Oz_q6jW6SVaQq6wux5h87w,34.238.143.76,10,2022,6,9
Oz_q6jW6SVaQq6wux5h87w,34.238.143.76,12,2022,6,10
Oz_q6jW6SVaQq6wux5h87w,34.238.143.76,33,2022,6,13
Oz_q6jW6SVaQq6wux5h87w,34.238.143.76,24,2022,6,14
Oz_q6jW6SVaQq6wux5h87w,38.99.100.2,132,2022,6,1
Oz_q6jW6SVaQq6wux5h87w,38.99.100.2,132,2022,6,2
Oz_q6jW6SVaQq6wux5h87w,38.99.100.2,270,2022,6,6
Oz_q6jW6SVaQq6wux5h87w,38.99.100.2,75,2022,6,7
Oz_q6jW6SVaQq6wux5h87w,38.99.100.2,324,2022,6,8
Oz_q6jW6SVaQq6wux5h87w,38.99.100.2,327,2022,6,9
Oz_q6jW6SVaQq6wux5h87w,38.99.100.2,200,2022,6,10
Oz_q6jW6SVaQq6wux5h87w,38.99.100.2,559,2022,6,13
Oz_q6jW6SVaQq6wux5h87w,38.99.100.2,925,2022,6,14
Oz_q6jW6SVaQq6wux5h87w,52.74.225.218,4,2022,6,6
PSuV3wMMSsSTDTAPKTdLhw,2001:559:a4:225::195,1,2022,6,1
PSuV3wMMSsSTDTAPKTdLhw,2001:559:a4:225::195,4,2022,6,9
PSuV3wMMSsSTDTAPKTdLhw,2001:559:a4:225::195,1,2022,6,13
PSuV3wMMSsSTDTAPKTdLhw,3.228.197.246,4,2022,6,1
PSuV3wMMSsSTDTAPKTdLhw,3.228.197.246,2,2022,6,10
PSuV3wMMSsSTDTAPKTdLhw,34.238.143.76,82,2022,6,1
PSuV3wMMSsSTDTAPKTdLhw,34.238.143.76,91,2022,6,2
PSuV3wMMSsSTDTAPKTdLhw,34.238.143.76,43,2022,6,3
PSuV3wMMSsSTDTAPKTdLhw,34.238.143.76,2,2022,6,4
PSuV3wMMSsSTDTAPKTdLhw,34.238.143.76,50,2022,6,6
PSuV3wMMSsSTDTAPKTdLhw,34.238.143.76,76,2022,6,7
PSuV3wMMSsSTDTAPKTdLhw,34.238.143.76,35,2022,6,8
PSuV3wMMSsSTDTAPKTdLhw,34.238.143.76,81,2022,6,9
PSuV3wMMSsSTDTAPKTdLhw,34.238.143.76,96,2022,6,10
PSuV3wMMSsSTDTAPKTdLhw,34.238.143.76,26,2022,6,11
PSuV3wMMSsSTDTAPKTdLhw,34.238.143.76,21,2022,6,12
PSuV3wMMSsSTDTAPKTdLhw,34.238.143.76,45,2022,6,13
PSuV3wMMSsSTDTAPKTdLhw,34.238.143.76,65,2022,6,14
PSuV3wMMSsSTDTAPKTdLhw,38.99.100.2,184,2022,6,1
PSuV3wMMSsSTDTAPKTdLhw,38.99.100.2,233,2022,6,2
PSuV3wMMSsSTDTAPKTdLhw,38.99.100.2,2,2022,6,3
PSuV3wMMSsSTDTAPKTdLhw,38.99.100.2,2,2022,6,4
PSuV3wMMSsSTDTAPKTdLhw,38.99.100.2,3,2022,6,5
PSuV3wMMSsSTDTAPKTdLhw,38.99.100.2,112,2022,6,6
PSuV3wMMSsSTDTAPKTdLhw,38.99.100.2,68,2022,6,7
PSuV3wMMSsSTDTAPKTdLhw,38.99.100.2,114,2022,6,8
PSuV3wMMSsSTDTAPKTdLhw,38.99.100.2,339,2022,6,9
PSuV3wMMSsSTDTAPKTdLhw,38.99.100.2,364,2022,6,10
PSuV3wMMSsSTDTAPKTdLhw,38.99.100.2,9,2022,6,11
PSuV3wMMSsSTDTAPKTdLhw,38.99.100.2,1,2022,6,12
PSuV3wMMSsSTDTAPKTdLhw,38.99.100.2,94,2022,6,13
PSuV3wMMSsSTDTAPKTdLhw,38.99.100.2,216,2022,6,14
PSuV3wMMSsSTDTAPKTdLhw,38.99.100.7,230,2022,6,1
PSuV3wMMSsSTDTAPKTdLhw,38.99.100.7,310,2022,6,2
PSuV3wMMSsSTDTAPKTdLhw,38.99.100.7,235,2022,6,3
PSuV3wMMSsSTDTAPKTdLhw,38.99.100.7,12,2022,6,4
PSuV3wMMSsSTDTAPKTdLhw,38.99.100.7,2,2022,6,5
PSuV3wMMSsSTDTAPKTdLhw,38.99.100.7,225,2022,6,6
PSuV3wMMSsSTDTAPKTdLhw,38.99.100.7,395,2022,6,7
PSuV3wMMSsSTDTAPKTdLhw,38.99.100.7,123,2022,6,8
PSuV3wMMSsSTDTAPKTdLhw,38.99.100.7,108,2022,6,9
PSuV3wMMSsSTDTAPKTdLhw,38.99.100.7,79,2022,6,10
PSuV3wMMSsSTDTAPKTdLhw,38.99.100.7,77,2022,6,11
PSuV3wMMSsSTDTAPKTdLhw,38.99.100.7,6,2022,6,12
PSuV3wMMSsSTDTAPKTdLhw,38.99.100.7,143,2022,6,13
PSuV3wMMSsSTDTAPKTdLhw,38.99.100.7,99,2022,6,14
PSuV3wMMSsSTDTAPKTdLhw,38.99.114.227,2,2022,6,10
Q8ytwGgsRiqIq2CnIYzfzQ,13.52.234.238,5,2022,6,14
Q8ytwGgsRiqIq2CnIYzfzQ,18.205.35.125,4,2022,6,1
Q8ytwGgsRiqIq2CnIYzfzQ,18.205.35.125,31,2022,6,2
Q8ytwGgsRiqIq2CnIYzfzQ,18.205.35.125,223,2022,6,6
Q8ytwGgsRiqIq2CnIYzfzQ,18.205.35.125,1,2022,6,13
Q8ytwGgsRiqIq2CnIYzfzQ,18.205.35.125,2,2022,6,14
Q8ytwGgsRiqIq2CnIYzfzQ,18.215.88.65,2,2022,6,2
Q8ytwGgsRiqIq2CnIYzfzQ,18.215.88.65,4,2022,6,6
Q8ytwGgsRiqIq2CnIYzfzQ,18.215.88.65,1,2022,6,7
Q8ytwGgsRiqIq2CnIYzfzQ,18.215.88.65,10,2022,6,10
Q8ytwGgsRiqIq2CnIYzfzQ,18.215.88.65,1,2022,6,11
Q8ytwGgsRiqIq2CnIYzfzQ,18.215.88.65,1,2022,6,12
Q8ytwGgsRiqIq2CnIYzfzQ,18.215.88.65,6,2022,6,13
Q8ytwGgsRiqIq2CnIYzfzQ,2001:559:a4:227:cd6f:b784:1173:1a64,7,2022,6,10
Q8ytwGgsRiqIq2CnIYzfzQ,34.215.195.251,2,2022,6,2
Q8ytwGgsRiqIq2CnIYzfzQ,34.215.195.251,1,2022,6,6
Q8ytwGgsRiqIq2CnIYzfzQ,34.238.143.76,3,2022,6,1
Q8ytwGgsRiqIq2CnIYzfzQ,34.238.143.76,13,2022,6,2
Q8ytwGgsRiqIq2CnIYzfzQ,34.238.143.76,11,2022,6,6
Q8ytwGgsRiqIq2CnIYzfzQ,34.238.143.76,9,2022,6,7
Q8ytwGgsRiqIq2CnIYzfzQ,34.238.143.76,5,2022,6,9
Q8ytwGgsRiqIq2CnIYzfzQ,34.238.143.76,5,2022,6,10
Q8ytwGgsRiqIq2CnIYzfzQ,34.238.143.76,31,2022,6,13
Q8ytwGgsRiqIq2CnIYzfzQ,34.238.143.76,5,2022,6,14
Q8ytwGgsRiqIq2CnIYzfzQ,36.33.24.184,9,2022,6,14
Q8ytwGgsRiqIq2CnIYzfzQ,38.99.100.2,140,2022,6,1
Q8ytwGgsRiqIq2CnIYzfzQ,38.99.100.2,296,2022,6,2
Q8ytwGgsRiqIq2CnIYzfzQ,38.99.100.2,341,2022,6,6
Q8ytwGgsRiqIq2CnIYzfzQ,38.99.100.2,132,2022,6,7
Q8ytwGgsRiqIq2CnIYzfzQ,38.99.100.2,2,2022,6,8
Q8ytwGgsRiqIq2CnIYzfzQ,38.99.100.2,115,2022,6,9
Q8ytwGgsRiqIq2CnIYzfzQ,38.99.100.2,396,2022,6,10
Q8ytwGgsRiqIq2CnIYzfzQ,38.99.100.2,435,2022,6,13
Q8ytwGgsRiqIq2CnIYzfzQ,38.99.100.2,246,2022,6,14
R3qO0xz3Q9KnPwNZNTIJ8w,3.228.197.246,1,2022,6,8
R3qO0xz3Q9KnPwNZNTIJ8w,34.215.195.251,1,2022,6,1
R3qO0xz3Q9KnPwNZNTIJ8w,34.215.195.251,1,2022,6,8
R3qO0xz3Q9KnPwNZNTIJ8w,34.215.195.251,4,2022,6,13
R3qO0xz3Q9KnPwNZNTIJ8w,34.215.195.251,4,2022,6,14
R3qO0xz3Q9KnPwNZNTIJ8w,34.238.143.76,17,2022,6,1
R3qO0xz3Q9KnPwNZNTIJ8w,34.238.143.76,16,2022,6,2
R3qO0xz3Q9KnPwNZNTIJ8w,34.238.143.76,1,2022,6,5
R3qO0xz3Q9KnPwNZNTIJ8w,34.238.143.76,14,2022,6,6
R3qO0xz3Q9KnPwNZNTIJ8w,34.238.143.76,19,2022,6,7
R3qO0xz3Q9KnPwNZNTIJ8w,34.238.143.76,22,2022,6,8
R3qO0xz3Q9KnPwNZNTIJ8w,34.238.143.76,19,2022,6,9
R3qO0xz3Q9KnPwNZNTIJ8w,34.238.143.76,56,2022,6,10
R3qO0xz3Q9KnPwNZNTIJ8w,34.238.143.76,1,2022,6,11
R3qO0xz3Q9KnPwNZNTIJ8w,34.238.143.76,3,2022,6,12
R3qO0xz3Q9KnPwNZNTIJ8w,34.238.143.76,15,2022,6,13
R3qO0xz3Q9KnPwNZNTIJ8w,34.238.143.76,120,2022,6,14
R3qO0xz3Q9KnPwNZNTIJ8w,38.99.100.2,101,2022,6,1
R3qO0xz3Q9KnPwNZNTIJ8w,38.99.100.2,48,2022,6,2
R3qO0xz3Q9KnPwNZNTIJ8w,38.99.100.2,1,2022,6,3
R3qO0xz3Q9KnPwNZNTIJ8w,38.99.100.2,1,2022,6,4
R3qO0xz3Q9KnPwNZNTIJ8w,38.99.100.2,2,2022,6,5
R3qO0xz3Q9KnPwNZNTIJ8w,38.99.100.2,184,2022,6,6
R3qO0xz3Q9KnPwNZNTIJ8w,38.99.100.2,86,2022,6,7
R3qO0xz3Q9KnPwNZNTIJ8w,38.99.100.2,147,2022,6,8
R3qO0xz3Q9KnPwNZNTIJ8w,38.99.100.2,116,2022,6,9
R3qO0xz3Q9KnPwNZNTIJ8w,38.99.100.2,236,2022,6,10
R3qO0xz3Q9KnPwNZNTIJ8w,38.99.100.2,2,2022,6,11
R3qO0xz3Q9KnPwNZNTIJ8w,38.99.100.2,8,2022,6,12
R3qO0xz3Q9KnPwNZNTIJ8w,38.99.100.2,111,2022,6,13
R3qO0xz3Q9KnPwNZNTIJ8w,38.99.100.2,282,2022,6,14
RIgOu4PVRrOZcknNtlUiHg,13.52.234.238,32,2022,6,14
RIgOu4PVRrOZcknNtlUiHg,3.228.197.246,1,2022,6,12
RIgOu4PVRrOZcknNtlUiHg,34.238.143.76,41,2022,6,1
RIgOu4PVRrOZcknNtlUiHg,34.238.143.76,6,2022,6,2
RIgOu4PVRrOZcknNtlUiHg,34.238.143.76,6,2022,6,3
RIgOu4PVRrOZcknNtlUiHg,34.238.143.76,6,2022,6,4
RIgOu4PVRrOZcknNtlUiHg,34.238.143.76,6,2022,6,5
RIgOu4PVRrOZcknNtlUiHg,34.238.143.76,39,2022,6,6
RIgOu4PVRrOZcknNtlUiHg,34.238.143.76,51,2022,6,7
RIgOu4PVRrOZcknNtlUiHg,34.238.143.76,45,2022,6,8
RIgOu4PVRrOZcknNtlUiHg,34.238.143.76,68,2022,6,9
RIgOu4PVRrOZcknNtlUiHg,34.238.143.76,14,2022,6,10
RIgOu4PVRrOZcknNtlUiHg,34.238.143.76,20,2022,6,11
RIgOu4PVRrOZcknNtlUiHg,34.238.143.76,114,2022,6,12
RIgOu4PVRrOZcknNtlUiHg,34.238.143.76,76,2022,6,13
RIgOu4PVRrOZcknNtlUiHg,34.238.143.76,14,2022,6,14
RIgOu4PVRrOZcknNtlUiHg,38.99.100.2,1232,2022,6,1
RIgOu4PVRrOZcknNtlUiHg,38.99.100.2,252,2022,6,2
RIgOu4PVRrOZcknNtlUiHg,38.99.100.2,278,2022,6,3
RIgOu4PVRrOZcknNtlUiHg,38.99.100.2,250,2022,6,4
RIgOu4PVRrOZcknNtlUiHg,38.99.100.2,275,2022,6,5
RIgOu4PVRrOZcknNtlUiHg,38.99.100.2,673,2022,6,6
RIgOu4PVRrOZcknNtlUiHg,38.99.100.2,876,2022,6,7
RIgOu4PVRrOZcknNtlUiHg,38.99.100.2,1323,2022,6,8
RIgOu4PVRrOZcknNtlUiHg,38.99.100.2,1535,2022,6,9
RIgOu4PVRrOZcknNtlUiHg,38.99.100.2,592,2022,6,10
RIgOu4PVRrOZcknNtlUiHg,38.99.100.2,650,2022,6,11
RIgOu4PVRrOZcknNtlUiHg,38.99.100.2,3256,2022,6,12
RIgOu4PVRrOZcknNtlUiHg,38.99.100.2,2400,2022,6,13
RIgOu4PVRrOZcknNtlUiHg,38.99.100.2,1510,2022,6,14
RIgOu4PVRrOZcknNtlUiHg,38.99.100.7,2,2022,6,1
S6Xz47u2SxKYzXy85qKLDg,18.138.183.50,2,2022,6,2
S6Xz47u2SxKYzXy85qKLDg,2001:559:a4:21e:7dd4:9358:a0a7:4ac,144,2022,6,1
S6Xz47u2SxKYzXy85qKLDg,2001:559:a4:21e:7dd4:9358:a0a7:4ac,134,2022,6,2
S6Xz47u2SxKYzXy85qKLDg,2001:559:a4:21e:7dd4:9358:a0a7:4ac,144,2022,6,3
S6Xz47u2SxKYzXy85qKLDg,2001:559:a4:21e:7dd4:9358:a0a7:4ac,144,2022,6,4
S6Xz47u2SxKYzXy85qKLDg,2001:559:a4:21e:7dd4:9358:a0a7:4ac,144,2022,6,5
S6Xz47u2SxKYzXy85qKLDg,2001:559:a4:21e:7dd4:9358:a0a7:4ac,139,2022,6,6
S6Xz47u2SxKYzXy85qKLDg,2001:559:a4:21e:7dd4:9358:a0a7:4ac,142,2022,6,7
S6Xz47u2SxKYzXy85qKLDg,2001:559:a4:21e:7dd4:9358:a0a7:4ac,133,2022,6,8
S6Xz47u2SxKYzXy85qKLDg,2001:559:a4:21e:7dd4:9358:a0a7:4ac,144,2022,6,9
S6Xz47u2SxKYzXy85qKLDg,2001:559:a4:21e:7dd4:9358:a0a7:4ac,143,2022,6,10
S6Xz47u2SxKYzXy85qKLDg,2001:559:a4:21e:7dd4:9358:a0a7:4ac,144,2022,6,11
S6Xz47u2SxKYzXy85qKLDg,2001:559:a4:21e:7dd4:9358:a0a7:4ac,144,2022,6,12
S6Xz47u2SxKYzXy85qKLDg,2001:559:a4:21e:7dd4:9358:a0a7:4ac,143,2022,6,13
S6Xz47u2SxKYzXy85qKLDg,2001:559:a4:21e:7dd4:9358:a0a7:4ac,144,2022,6,14
S6Xz47u2SxKYzXy85qKLDg,2001:559:a4:225::195,151,2022,6,1
S6Xz47u2SxKYzXy85qKLDg,2001:559:a4:225::195,244,2022,6,2
S6Xz47u2SxKYzXy85qKLDg,2001:559:a4:225::195,204,2022,6,3
S6Xz47u2SxKYzXy85qKLDg,2001:559:a4:225::195,198,2022,6,4
S6Xz47u2SxKYzXy85qKLDg,2001:559:a4:225::195,201,2022,6,5
S6Xz47u2SxKYzXy85qKLDg,2001:559:a4:225::195,205,2022,6,6
S6Xz47u2SxKYzXy85qKLDg,2001:559:a4:225::195,240,2022,6,7
S6Xz47u2SxKYzXy85qKLDg,2001:559:a4:225::195,205,2022,6,8
S6Xz47u2SxKYzXy85qKLDg,2001:559:a4:225::195,204,2022,6,9
S6Xz47u2SxKYzXy85qKLDg,2001:559:a4:225::195,347,2022,6,10
S6Xz47u2SxKYzXy85qKLDg,2001:559:a4:225::195,208,2022,6,11
S6Xz47u2SxKYzXy85qKLDg,2001:559:a4:225::195,165,2022,6,12
S6Xz47u2SxKYzXy85qKLDg,2001:559:a4:225::195,219,2022,6,13
S6Xz47u2SxKYzXy85qKLDg,2001:559:a4:225::195,207,2022,6,14
S6Xz47u2SxKYzXy85qKLDg,2001:559:a4:225::89,16,2022,6,6
S6Xz47u2SxKYzXy85qKLDg,2001:559:a4:225::89,27,2022,6,7
S6Xz47u2SxKYzXy85qKLDg,34.238.143.76,161,2022,6,1
S6Xz47u2SxKYzXy85qKLDg,34.238.143.76,110,2022,6,2
S6Xz47u2SxKYzXy85qKLDg,34.238.143.76,58,2022,6,3
S6Xz47u2SxKYzXy85qKLDg,34.238.143.76,38,2022,6,4
S6Xz47u2SxKYzXy85qKLDg,34.238.143.76,34,2022,6,5
S6Xz47u2SxKYzXy85qKLDg,34.238.143.76,61,2022,6,6
S6Xz47u2SxKYzXy85qKLDg,34.238.143.76,117,2022,6,7
S6Xz47u2SxKYzXy85qKLDg,34.238.143.76,111,2022,6,8
S6Xz47u2SxKYzXy85qKLDg,34.238.143.76,109,2022,6,9
S6Xz47u2SxKYzXy85qKLDg,34.238.143.76,104,2022,6,10
S6Xz47u2SxKYzXy85qKLDg,34.238.143.76,49,2022,6,11
S6Xz47u2SxKYzXy85qKLDg,34.238.143.76,50,2022,6,12
S6Xz47u2SxKYzXy85qKLDg,34.238.143.76,99,2022,6,13
S6Xz47u2SxKYzXy85qKLDg,34.238.143.76,119,2022,6,14
S6Xz47u2SxKYzXy85qKLDg,38.99.100.2,2564,2022,6,1
S6Xz47u2SxKYzXy85qKLDg,38.99.100.2,3265,2022,6,2
S6Xz47u2SxKYzXy85qKLDg,38.99.100.2,2375,2022,6,3
S6Xz47u2SxKYzXy85qKLDg,38.99.100.2,1942,2022,6,4
S6Xz47u2SxKYzXy85qKLDg,38.99.100.2,1916,2022,6,5
S6Xz47u2SxKYzXy85qKLDg,38.99.100.2,2759,2022,6,6
S6Xz47u2SxKYzXy85qKLDg,38.99.100.2,3550,2022,6,7
S6Xz47u2SxKYzXy85qKLDg,38.99.100.2,2474,2022,6,8
S6Xz47u2SxKYzXy85qKLDg,38.99.100.2,2263,2022,6,9
S6Xz47u2SxKYzXy85qKLDg,38.99.100.2,3492,2022,6,10
S6Xz47u2SxKYzXy85qKLDg,38.99.100.2,1942,2022,6,11
S6Xz47u2SxKYzXy85qKLDg,38.99.100.2,1941,2022,6,12
S6Xz47u2SxKYzXy85qKLDg,38.99.100.2,2460,2022,6,13
S6Xz47u2SxKYzXy85qKLDg,38.99.100.2,2269,2022,6,14
S6Xz47u2SxKYzXy85qKLDg,38.99.100.7,43,2022,6,1
S6Xz47u2SxKYzXy85qKLDg,52.220.255.171,3,2022,6,13
S6Xz47u2SxKYzXy85qKLDg,52.220.255.171,1,2022,6,14
S6Xz47u2SxKYzXy85qKLDg,52.74.225.218,9,2022,6,1
S6Xz47u2SxKYzXy85qKLDg,52.74.225.218,13,2022,6,2
S6Xz47u2SxKYzXy85qKLDg,52.74.225.218,11,2022,6,3
S6Xz47u2SxKYzXy85qKLDg,52.74.225.218,7,2022,6,4
S6Xz47u2SxKYzXy85qKLDg,52.74.225.218,13,2022,6,5
S6Xz47u2SxKYzXy85qKLDg,52.74.225.218,9,2022,6,6
S6Xz47u2SxKYzXy85qKLDg,52.74.225.218,12,2022,6,7
S6Xz47u2SxKYzXy85qKLDg,52.74.225.218,11,2022,6,8
S6Xz47u2SxKYzXy85qKLDg,52.74.225.218,5,2022,6,9
S6Xz47u2SxKYzXy85qKLDg,52.74.225.218,8,2022,6,10
S6Xz47u2SxKYzXy85qKLDg,52.74.225.218,2,2022,6,11
S6Xz47u2SxKYzXy85qKLDg,52.74.225.218,2,2022,6,12
S6Xz47u2SxKYzXy85qKLDg,52.74.225.218,13,2022,6,14
S6Xz47u2SxKYzXy85qKLDg,52.76.116.153,7,2022,6,1
S6Xz47u2SxKYzXy85qKLDg,52.76.116.153,14,2022,6,2
S6Xz47u2SxKYzXy85qKLDg,52.76.116.153,5,2022,6,3
S6Xz47u2SxKYzXy85qKLDg,52.76.116.153,9,2022,6,4
S6Xz47u2SxKYzXy85qKLDg,52.76.116.153,3,2022,6,5
S6Xz47u2SxKYzXy85qKLDg,52.76.116.153,8,2022,6,6
S6Xz47u2SxKYzXy85qKLDg,52.76.116.153,21,2022,6,7
S6Xz47u2SxKYzXy85qKLDg,52.76.116.153,4,2022,6,8
S6Xz47u2SxKYzXy85qKLDg,52.76.116.153,2,2022,6,9
S6Xz47u2SxKYzXy85qKLDg,52.76.116.153,6,2022,6,10
S6Xz47u2SxKYzXy85qKLDg,52.76.116.153,4,2022,6,11
S6Xz47u2SxKYzXy85qKLDg,52.76.116.153,11,2022,6,12
S6Xz47u2SxKYzXy85qKLDg,52.76.116.153,2,2022,6,13
S6Xz47u2SxKYzXy85qKLDg,52.76.116.153,4,2022,6,14
S6Xz47u2SxKYzXy85qKLDg,52.76.192.139,2,2022,6,2
S6Xz47u2SxKYzXy85qKLDg,52.76.192.139,2,2022,6,3
S6Xz47u2SxKYzXy85qKLDg,52.76.192.139,2,2022,6,5
S6Xz47u2SxKYzXy85qKLDg,52.76.192.139,2,2022,6,6
S6Xz47u2SxKYzXy85qKLDg,52.76.192.139,2,2022,6,7
S6Xz47u2SxKYzXy85qKLDg,52.76.192.139,2,2022,6,8
S6Xz47u2SxKYzXy85qKLDg,52.76.192.139,2,2022,6,9
S6Xz47u2SxKYzXy85qKLDg,52.76.192.139,1,2022,6,10
S6Xz47u2SxKYzXy85qKLDg,52.76.192.139,1,2022,6,11
S6Xz47u2SxKYzXy85qKLDg,52.76.192.139,1,2022,6,12
S6Xz47u2SxKYzXy85qKLDg,52.76.192.139,1,2022,6,13
S6Xz47u2SxKYzXy85qKLDg,52.76.192.139,1,2022,6,14
S6Xz47u2SxKYzXy85qKLDg,54.179.122.232,3,2022,6,2
S6Xz47u2SxKYzXy85qKLDg,54.179.122.232,4,2022,6,6
S6Xz47u2SxKYzXy85qKLDg,54.179.122.232,3,2022,6,8
S6Xz47u2SxKYzXy85qKLDg,54.179.122.232,9,2022,6,9
S6Xz47u2SxKYzXy85qKLDg,54.179.122.232,15,2022,6,10
S6Xz47u2SxKYzXy85qKLDg,54.179.122.232,10,2022,6,11
S6Xz47u2SxKYzXy85qKLDg,54.179.122.232,3,2022,6,12
S6Xz47u2SxKYzXy85qKLDg,54.179.122.232,14,2022,6,13
TkQ6qEb2T9COAHLNIHpbpQ,2001:559:a4:225::195,23,2022,6,1
TkQ6qEb2T9COAHLNIHpbpQ,2001:559:a4:225::195,62,2022,6,2
TkQ6qEb2T9COAHLNIHpbpQ,2001:559:a4:225::195,63,2022,6,3
TkQ6qEb2T9COAHLNIHpbpQ,2001:559:a4:225::195,52,2022,6,4
TkQ6qEb2T9COAHLNIHpbpQ,2001:559:a4:225::195,61,2022,6,5
TkQ6qEb2T9COAHLNIHpbpQ,2001:559:a4:225::195,53,2022,6,6
TkQ6qEb2T9COAHLNIHpbpQ,2001:559:a4:225::195,61,2022,6,7
TkQ6qEb2T9COAHLNIHpbpQ,2001:559:a4:225::195,57,2022,6,8
TkQ6qEb2T9COAHLNIHpbpQ,2001:559:a4:225::195,55,2022,6,9
TkQ6qEb2T9COAHLNIHpbpQ,2001:559:a4:225::195,55,2022,6,10
TkQ6qEb2T9COAHLNIHpbpQ,2001:559:a4:225::195,55,2022,6,11
TkQ6qEb2T9COAHLNIHpbpQ,2001:559:a4:225::195,60,2022,6,12
TkQ6qEb2T9COAHLNIHpbpQ,2001:559:a4:225::195,66,2022,6,13
TkQ6qEb2T9COAHLNIHpbpQ,2001:559:a4:225::195,66,2022,6,14
TkQ6qEb2T9COAHLNIHpbpQ,2001:559:a4:225::89,8,2022,6,6
TkQ6qEb2T9COAHLNIHpbpQ,3.232.225.49,1,2022,6,4
TkQ6qEb2T9COAHLNIHpbpQ,3.232.225.49,1,2022,6,5
TkQ6qEb2T9COAHLNIHpbpQ,3.232.225.49,1,2022,6,6
TkQ6qEb2T9COAHLNIHpbpQ,3.232.225.49,1,2022,6,7
TkQ6qEb2T9COAHLNIHpbpQ,3.232.225.49,1,2022,6,8
TkQ6qEb2T9COAHLNIHpbpQ,3.232.225.49,1,2022,6,9
TkQ6qEb2T9COAHLNIHpbpQ,3.232.225.49,1,2022,6,10
TkQ6qEb2T9COAHLNIHpbpQ,3.232.225.49,1,2022,6,11
TkQ6qEb2T9COAHLNIHpbpQ,3.232.225.49,1,2022,6,12
TkQ6qEb2T9COAHLNIHpbpQ,34.238.143.76,1,2022,6,1
TkQ6qEb2T9COAHLNIHpbpQ,34.238.143.76,7,2022,6,2
TkQ6qEb2T9COAHLNIHpbpQ,34.238.143.76,7,2022,6,3
TkQ6qEb2T9COAHLNIHpbpQ,34.238.143.76,6,2022,6,4
TkQ6qEb2T9COAHLNIHpbpQ,34.238.143.76,7,2022,6,5
TkQ6qEb2T9COAHLNIHpbpQ,34.238.143.76,7,2022,6,6
TkQ6qEb2T9COAHLNIHpbpQ,34.238.143.76,7,2022,6,7
TkQ6qEb2T9COAHLNIHpbpQ,34.238.143.76,7,2022,6,8
TkQ6qEb2T9COAHLNIHpbpQ,34.238.143.76,7,2022,6,9
TkQ6qEb2T9COAHLNIHpbpQ,34.238.143.76,7,2022,6,10
TkQ6qEb2T9COAHLNIHpbpQ,34.238.143.76,7,2022,6,11
TkQ6qEb2T9COAHLNIHpbpQ,34.238.143.76,7,2022,6,12
TkQ6qEb2T9COAHLNIHpbpQ,34.238.143.76,7,2022,6,13
TkQ6qEb2T9COAHLNIHpbpQ,34.238.143.76,7,2022,6,14
TkQ6qEb2T9COAHLNIHpbpQ,38.99.100.2,222,2022,6,1
TkQ6qEb2T9COAHLNIHpbpQ,38.99.100.2,458,2022,6,2
TkQ6qEb2T9COAHLNIHpbpQ,38.99.100.2,447,2022,6,3
TkQ6qEb2T9COAHLNIHpbpQ,38.99.100.2,455,2022,6,4
TkQ6qEb2T9COAHLNIHpbpQ,38.99.100.2,452,2022,6,5
TkQ6qEb2T9COAHLNIHpbpQ,38.99.100.2,476,2022,6,6
TkQ6qEb2T9COAHLNIHpbpQ,38.99.100.2,463,2022,6,7
TkQ6qEb2T9COAHLNIHpbpQ,38.99.100.2,418,2022,6,8
TkQ6qEb2T9COAHLNIHpbpQ,38.99.100.2,515,2022,6,9
TkQ6qEb2T9COAHLNIHpbpQ,38.99.100.2,506,2022,6,10
TkQ6qEb2T9COAHLNIHpbpQ,38.99.100.2,516,2022,6,11
TkQ6qEb2T9COAHLNIHpbpQ,38.99.100.2,517,2022,6,12
TkQ6qEb2T9COAHLNIHpbpQ,38.99.100.2,551,2022,6,13
TkQ6qEb2T9COAHLNIHpbpQ,38.99.100.2,530,2022,6,14
WTpQ2Q_rSKm0-eGZtyakog,2001:559:a4:227:942d:1c0:a430:2e5a,17,2022,6,14
WTpQ2Q_rSKm0-eGZtyakog,2001:559:a4:227:b849:2335:1460:5ca8,211,2022,6,9
WTpQ2Q_rSKm0-eGZtyakog,2001:559:a4:228:65df:8970:94dd:7b2b,14,2022,6,6
WTpQ2Q_rSKm0-eGZtyakog,3.228.197.246,3,2022,6,7
WTpQ2Q_rSKm0-eGZtyakog,3.228.197.246,1,2022,6,13
WTpQ2Q_rSKm0-eGZtyakog,3.228.197.246,2,2022,6,14
WTpQ2Q_rSKm0-eGZtyakog,34.238.143.76,9,2022,6,1
WTpQ2Q_rSKm0-eGZtyakog,34.238.143.76,6,2022,6,2
WTpQ2Q_rSKm0-eGZtyakog,34.238.143.76,18,2022,6,6
WTpQ2Q_rSKm0-eGZtyakog,34.238.143.76,9,2022,6,7
WTpQ2Q_rSKm0-eGZtyakog,34.238.143.76,23,2022,6,8
WTpQ2Q_rSKm0-eGZtyakog,34.238.143.76,71,2022,6,9
WTpQ2Q_rSKm0-eGZtyakog,34.238.143.76,18,2022,6,10
WTpQ2Q_rSKm0-eGZtyakog,34.238.143.76,4,2022,6,12
WTpQ2Q_rSKm0-eGZtyakog,34.238.143.76,22,2022,6,13
WTpQ2Q_rSKm0-eGZtyakog,34.238.143.76,36,2022,6,14
WTpQ2Q_rSKm0-eGZtyakog,36.33.24.184,3,2022,6,8
WTpQ2Q_rSKm0-eGZtyakog,36.33.24.184,1,2022,6,9
WTpQ2Q_rSKm0-eGZtyakog,36.33.24.184,35,2022,6,13
WTpQ2Q_rSKm0-eGZtyakog,38.99.100.2,2913,2022,6,1
WTpQ2Q_rSKm0-eGZtyakog,38.99.100.2,2160,2022,6,2
WTpQ2Q_rSKm0-eGZtyakog,38.99.100.2,22,2022,6,3
WTpQ2Q_rSKm0-eGZtyakog,38.99.100.2,22,2022,6,4
WTpQ2Q_rSKm0-eGZtyakog,38.99.100.2,27,2022,6,5
WTpQ2Q_rSKm0-eGZtyakog,38.99.100.2,2391,2022,6,6
WTpQ2Q_rSKm0-eGZtyakog,38.99.100.2,2444,2022,6,7
WTpQ2Q_rSKm0-eGZtyakog,38.99.100.2,3813,2022,6,8
WTpQ2Q_rSKm0-eGZtyakog,38.99.100.2,4034,2022,6,9
WTpQ2Q_rSKm0-eGZtyakog,38.99.100.2,1388,2022,6,10
WTpQ2Q_rSKm0-eGZtyakog,38.99.100.2,493,2022,6,11
WTpQ2Q_rSKm0-eGZtyakog,38.99.100.2,516,2022,6,12
WTpQ2Q_rSKm0-eGZtyakog,38.99.100.2,3594,2022,6,13
WTpQ2Q_rSKm0-eGZtyakog,38.99.100.2,3679,2022,6,14
WTpQ2Q_rSKm0-eGZtyakog,38.99.100.7,5,2022,6,9
WTpQ2Q_rSKm0-eGZtyakog,38.99.100.7,1,2022,6,10
WTpQ2Q_rSKm0-eGZtyakog,38.99.100.7,1,2022,6,14
WTpQ2Q_rSKm0-eGZtyakog,52.220.255.171,2,2022,6,13
WTpQ2Q_rSKm0-eGZtyakog,52.74.225.218,34,2022,6,1
WTpQ2Q_rSKm0-eGZtyakog,52.74.225.218,16,2022,6,6
WTpQ2Q_rSKm0-eGZtyakog,52.74.225.218,3,2022,6,8
WTpQ2Q_rSKm0-eGZtyakog,52.74.225.218,15,2022,6,9
WTpQ2Q_rSKm0-eGZtyakog,52.74.225.218,66,2022,6,14
WTpQ2Q_rSKm0-eGZtyakog,52.76.116.153,28,2022,6,1
WTpQ2Q_rSKm0-eGZtyakog,52.76.116.153,1,2022,6,2
WTpQ2Q_rSKm0-eGZtyakog,52.76.116.153,6,2022,6,6
WTpQ2Q_rSKm0-eGZtyakog,52.76.116.153,18,2022,6,7
WTpQ2Q_rSKm0-eGZtyakog,52.76.116.153,9,2022,6,8
WTpQ2Q_rSKm0-eGZtyakog,52.76.116.153,6,2022,6,9
WTpQ2Q_rSKm0-eGZtyakog,52.76.116.153,50,2022,6,14
WTpQ2Q_rSKm0-eGZtyakog,54.179.122.232,8,2022,6,1
WTpQ2Q_rSKm0-eGZtyakog,54.179.122.232,6,2022,6,6
WTpQ2Q_rSKm0-eGZtyakog,54.179.122.232,7,2022,6,8
WTpQ2Q_rSKm0-eGZtyakog,54.179.122.232,3,2022,6,13
X149WODHT7GWjFZ9ZuSRZQ,2001:559:a4:225::195,8,2022,6,1
X149WODHT7GWjFZ9ZuSRZQ,2001:559:a4:225::195,16,2022,6,2
X149WODHT7GWjFZ9ZuSRZQ,2001:559:a4:225::195,16,2022,6,3
X149WODHT7GWjFZ9ZuSRZQ,2001:559:a4:225::195,12,2022,6,4
X149WODHT7GWjFZ9ZuSRZQ,2001:559:a4:225::195,7,2022,6,5
X149WODHT7GWjFZ9ZuSRZQ,2001:559:a4:225::195,22,2022,6,6
X149WODHT7GWjFZ9ZuSRZQ,2001:559:a4:225::195,32,2022,6,7
X149WODHT7GWjFZ9ZuSRZQ,2001:559:a4:225::195,43,2022,6,8
X149WODHT7GWjFZ9ZuSRZQ,2001:559:a4:225::195,15,2022,6,9
X149WODHT7GWjFZ9ZuSRZQ,2001:559:a4:225::195,15,2022,6,10
X149WODHT7GWjFZ9ZuSRZQ,2001:559:a4:225::195,16,2022,6,11
X149WODHT7GWjFZ9ZuSRZQ,2001:559:a4:225::195,16,2022,6,12
X149WODHT7GWjFZ9ZuSRZQ,2001:559:a4:225::195,30,2022,6,13
X149WODHT7GWjFZ9ZuSRZQ,2001:559:a4:225::195,16,2022,6,14
X149WODHT7GWjFZ9ZuSRZQ,2001:559:a4:225::89,4,2022,6,6
X149WODHT7GWjFZ9ZuSRZQ,34.215.195.251,4,2022,6,2
X149WODHT7GWjFZ9ZuSRZQ,34.215.195.251,4,2022,6,3
X149WODHT7GWjFZ9ZuSRZQ,34.215.195.251,4,2022,6,4
X149WODHT7GWjFZ9ZuSRZQ,34.215.195.251,4,2022,6,5
X149WODHT7GWjFZ9ZuSRZQ,34.215.195.251,4,2022,6,6
X149WODHT7GWjFZ9ZuSRZQ,34.215.195.251,7,2022,6,8
X149WODHT7GWjFZ9ZuSRZQ,34.215.195.251,4,2022,6,9
X149WODHT7GWjFZ9ZuSRZQ,34.215.195.251,4,2022,6,10
X149WODHT7GWjFZ9ZuSRZQ,34.215.195.251,4,2022,6,11
X149WODHT7GWjFZ9ZuSRZQ,34.215.195.251,4,2022,6,12
X149WODHT7GWjFZ9ZuSRZQ,34.215.195.251,8,2022,6,13
X149WODHT7GWjFZ9ZuSRZQ,34.215.195.251,4,2022,6,14
X149WODHT7GWjFZ9ZuSRZQ,34.238.143.76,1,2022,6,1
X149WODHT7GWjFZ9ZuSRZQ,34.238.143.76,8,2022,6,13
X149WODHT7GWjFZ9ZuSRZQ,38.99.100.2,482,2022,6,1
X149WODHT7GWjFZ9ZuSRZQ,38.99.100.2,238,2022,6,2
X149WODHT7GWjFZ9ZuSRZQ,38.99.100.2,229,2022,6,3
X149WODHT7GWjFZ9ZuSRZQ,38.99.100.2,217,2022,6,4
X149WODHT7GWjFZ9ZuSRZQ,38.99.100.2,202,2022,6,5
X149WODHT7GWjFZ9ZuSRZQ,38.99.100.2,674,2022,6,6
X149WODHT7GWjFZ9ZuSRZQ,38.99.100.2,667,2022,6,7
X149WODHT7GWjFZ9ZuSRZQ,38.99.100.2,594,2022,6,8
X149WODHT7GWjFZ9ZuSRZQ,38.99.100.2,224,2022,6,9
X149WODHT7GWjFZ9ZuSRZQ,38.99.100.2,227,2022,6,10
X149WODHT7GWjFZ9ZuSRZQ,38.99.100.2,143,2022,6,11
X149WODHT7GWjFZ9ZuSRZQ,38.99.100.2,162,2022,6,12
X149WODHT7GWjFZ9ZuSRZQ,38.99.100.2,512,2022,6,13
X149WODHT7GWjFZ9ZuSRZQ,38.99.100.2,280,2022,6,14
X149WODHT7GWjFZ9ZuSRZQ,38.99.100.7,64,2022,6,1
ZIc8jEg5RqumaGMmDfzpLw,2001:559:a4:225::195,46,2022,6,1
ZIc8jEg5RqumaGMmDfzpLw,2001:559:a4:225::195,49,2022,6,2
ZIc8jEg5RqumaGMmDfzpLw,2001:559:a4:225::195,55,2022,6,3
ZIc8jEg5RqumaGMmDfzpLw,2001:559:a4:225::195,52,2022,6,4
ZIc8jEg5RqumaGMmDfzpLw,2001:559:a4:225::195,55,2022,6,5
ZIc8jEg5RqumaGMmDfzpLw,2001:559:a4:225::195,50,2022,6,6
ZIc8jEg5RqumaGMmDfzpLw,2001:559:a4:225::195,55,2022,6,7
ZIc8jEg5RqumaGMmDfzpLw,2001:559:a4:225::195,50,2022,6,8
ZIc8jEg5RqumaGMmDfzpLw,2001:559:a4:225::195,53,2022,6,9
ZIc8jEg5RqumaGMmDfzpLw,2001:559:a4:225::195,55,2022,6,10
ZIc8jEg5RqumaGMmDfzpLw,2001:559:a4:225::195,51,2022,6,11
ZIc8jEg5RqumaGMmDfzpLw,2001:559:a4:225::195,50,2022,6,12
ZIc8jEg5RqumaGMmDfzpLw,2001:559:a4:225::195,56,2022,6,13
ZIc8jEg5RqumaGMmDfzpLw,2001:559:a4:225::195,60,2022,6,14
ZIc8jEg5RqumaGMmDfzpLw,2001:559:a4:225::89,9,2022,6,6
ZIc8jEg5RqumaGMmDfzpLw,3.232.225.49,1,2022,6,1
ZIc8jEg5RqumaGMmDfzpLw,3.232.225.49,1,2022,6,3
ZIc8jEg5RqumaGMmDfzpLw,3.232.225.49,1,2022,6,5
ZIc8jEg5RqumaGMmDfzpLw,3.232.225.49,1,2022,6,6
ZIc8jEg5RqumaGMmDfzpLw,3.232.225.49,1,2022,6,7
ZIc8jEg5RqumaGMmDfzpLw,3.232.225.49,1,2022,6,8
ZIc8jEg5RqumaGMmDfzpLw,3.232.225.49,1,2022,6,9
ZIc8jEg5RqumaGMmDfzpLw,3.232.225.49,1,2022,6,11
ZIc8jEg5RqumaGMmDfzpLw,3.232.225.49,1,2022,6,12
ZIc8jEg5RqumaGMmDfzpLw,3.233.120.23,1,2022,6,13
ZIc8jEg5RqumaGMmDfzpLw,3.233.120.23,1,2022,6,14
ZIc8jEg5RqumaGMmDfzpLw,34.238.143.76,7,2022,6,1
ZIc8jEg5RqumaGMmDfzpLw,34.238.143.76,6,2022,6,2
ZIc8jEg5RqumaGMmDfzpLw,34.238.143.76,7,2022,6,3
ZIc8jEg5RqumaGMmDfzpLw,34.238.143.76,7,2022,6,4
ZIc8jEg5RqumaGMmDfzpLw,34.238.143.76,7,2022,6,5
ZIc8jEg5RqumaGMmDfzpLw,34.238.143.76,7,2022,6,6
ZIc8jEg5RqumaGMmDfzpLw,34.238.143.76,7,2022,6,7
ZIc8jEg5RqumaGMmDfzpLw,34.238.143.76,7,2022,6,8
ZIc8jEg5RqumaGMmDfzpLw,34.238.143.76,7,2022,6,9
ZIc8jEg5RqumaGMmDfzpLw,34.238.143.76,7,2022,6,10
ZIc8jEg5RqumaGMmDfzpLw,34.238.143.76,6,2022,6,11
ZIc8jEg5RqumaGMmDfzpLw,34.238.143.76,7,2022,6,12
ZIc8jEg5RqumaGMmDfzpLw,34.238.143.76,7,2022,6,13
ZIc8jEg5RqumaGMmDfzpLw,34.238.143.76,6,2022,6,14
ZIc8jEg5RqumaGMmDfzpLw,38.99.100.2,431,2022,6,1
ZIc8jEg5RqumaGMmDfzpLw,38.99.100.2,454,2022,6,2
ZIc8jEg5RqumaGMmDfzpLw,38.99.100.2,486,2022,6,3
ZIc8jEg5RqumaGMmDfzpLw,38.99.100.2,471,2022,6,4
ZIc8jEg5RqumaGMmDfzpLw,38.99.100.2,467,2022,6,5
ZIc8jEg5RqumaGMmDfzpLw,38.99.100.2,468,2022,6,6
ZIc8jEg5RqumaGMmDfzpLw,38.99.100.2,494,2022,6,7
ZIc8jEg5RqumaGMmDfzpLw,38.99.100.2,468,2022,6,8
ZIc8jEg5RqumaGMmDfzpLw,38.99.100.2,474,2022,6,9
ZIc8jEg5RqumaGMmDfzpLw,38.99.100.2,490,2022,6,10
ZIc8jEg5RqumaGMmDfzpLw,38.99.100.2,458,2022,6,11
ZIc8jEg5RqumaGMmDfzpLw,38.99.100.2,460,2022,6,12
ZIc8jEg5RqumaGMmDfzpLw,38.99.100.2,482,2022,6,13
ZIc8jEg5RqumaGMmDfzpLw,38.99.100.2,478,2022,6,14
_Rll7t_-RViLUv8sHSX8ew,18.205.35.125,9,2022,6,1
_Rll7t_-RViLUv8sHSX8ew,18.215.88.65,1,2022,6,5
_Rll7t_-RViLUv8sHSX8ew,18.215.88.65,5,2022,6,6
_Rll7t_-RViLUv8sHSX8ew,18.215.88.65,6,2022,6,7
_Rll7t_-RViLUv8sHSX8ew,18.215.88.65,7,2022,6,8
_Rll7t_-RViLUv8sHSX8ew,18.215.88.65,8,2022,6,9
_Rll7t_-RViLUv8sHSX8ew,18.215.88.65,9,2022,6,10
_Rll7t_-RViLUv8sHSX8ew,18.215.88.65,16,2022,6,13
_Rll7t_-RViLUv8sHSX8ew,18.215.88.65,14,2022,6,14
_Rll7t_-RViLUv8sHSX8ew,2001:559:a4:225::195,4,2022,6,7
_Rll7t_-RViLUv8sHSX8ew,2001:559:a4:234:7453:fcd4:7e52:ef7f,2,2022,6,8
_Rll7t_-RViLUv8sHSX8ew,3.228.197.246,4,2022,6,8
_Rll7t_-RViLUv8sHSX8ew,34.215.195.251,2,2022,6,10
_Rll7t_-RViLUv8sHSX8ew,34.215.195.251,6,2022,6,13
_Rll7t_-RViLUv8sHSX8ew,34.238.143.76,38,2022,6,1
_Rll7t_-RViLUv8sHSX8ew,34.238.143.76,5,2022,6,2
_Rll7t_-RViLUv8sHSX8ew,34.238.143.76,6,2022,6,3
_Rll7t_-RViLUv8sHSX8ew,34.238.143.76,7,2022,6,4
_Rll7t_-RViLUv8sHSX8ew,34.238.143.76,8,2022,6,5
_Rll7t_-RViLUv8sHSX8ew,34.238.143.76,38,2022,6,6
_Rll7t_-RViLUv8sHSX8ew,34.238.143.76,13,2022,6,7
_Rll7t_-RViLUv8sHSX8ew,34.238.143.76,23,2022,6,8
_Rll7t_-RViLUv8sHSX8ew,34.238.143.76,19,2022,6,9
_Rll7t_-RViLUv8sHSX8ew,34.238.143.76,19,2022,6,10
_Rll7t_-RViLUv8sHSX8ew,34.238.143.76,5,2022,6,11
_Rll7t_-RViLUv8sHSX8ew,34.238.143.76,7,2022,6,12
_Rll7t_-RViLUv8sHSX8ew,34.238.143.76,27,2022,6,13
_Rll7t_-RViLUv8sHSX8ew,34.238.143.76,26,2022,6,14
_Rll7t_-RViLUv8sHSX8ew,38.99.100.2,440,2022,6,1
_Rll7t_-RViLUv8sHSX8ew,38.99.100.2,56,2022,6,2
_Rll7t_-RViLUv8sHSX8ew,38.99.100.2,8,2022,6,3
_Rll7t_-RViLUv8sHSX8ew,38.99.100.2,9,2022,6,4
_Rll7t_-RViLUv8sHSX8ew,38.99.100.2,10,2022,6,5
_Rll7t_-RViLUv8sHSX8ew,38.99.100.2,417,2022,6,6
_Rll7t_-RViLUv8sHSX8ew,38.99.100.2,334,2022,6,7
_Rll7t_-RViLUv8sHSX8ew,38.99.100.2,375,2022,6,8
_Rll7t_-RViLUv8sHSX8ew,38.99.100.2,403,2022,6,9
_Rll7t_-RViLUv8sHSX8ew,38.99.100.2,185,2022,6,10
_Rll7t_-RViLUv8sHSX8ew,38.99.100.2,7,2022,6,11
_Rll7t_-RViLUv8sHSX8ew,38.99.100.2,11,2022,6,12
_Rll7t_-RViLUv8sHSX8ew,38.99.100.2,615,2022,6,13
_Rll7t_-RViLUv8sHSX8ew,38.99.100.2,809,2022,6,14
_Rll7t_-RViLUv8sHSX8ew,52.76.116.153,2,2022,6,13
_Rll7t_-RViLUv8sHSX8ew,52.76.192.139,2,2022,6,7
_Rll7t_-RViLUv8sHSX8ew,54.179.122.232,2,2022,6,13
au09joJOTeaCIjEjW7cmFQ,2001:559:a4:225::195,129,2022,6,1
au09joJOTeaCIjEjW7cmFQ,2001:559:a4:225::195,106,2022,6,2
au09joJOTeaCIjEjW7cmFQ,2001:559:a4:225::195,92,2022,6,3
au09joJOTeaCIjEjW7cmFQ,2001:559:a4:225::195,68,2022,6,4
au09joJOTeaCIjEjW7cmFQ,2001:559:a4:225::195,81,2022,6,5
au09joJOTeaCIjEjW7cmFQ,2001:559:a4:225::195,81,2022,6,6
au09joJOTeaCIjEjW7cmFQ,2001:559:a4:225::195,89,2022,6,7
au09joJOTeaCIjEjW7cmFQ,2001:559:a4:225::195,113,2022,6,8
au09joJOTeaCIjEjW7cmFQ,2001:559:a4:225::195,99,2022,6,9
au09joJOTeaCIjEjW7cmFQ,2001:559:a4:225::195,94,2022,6,10
au09joJOTeaCIjEjW7cmFQ,2001:559:a4:225::195,89,2022,6,11
au09joJOTeaCIjEjW7cmFQ,2001:559:a4:225::195,88,2022,6,12
au09joJOTeaCIjEjW7cmFQ,2001:559:a4:225::195,85,2022,6,13
au09joJOTeaCIjEjW7cmFQ,2001:559:a4:225::195,104,2022,6,14
au09joJOTeaCIjEjW7cmFQ,2001:559:a4:225::89,14,2022,6,6
au09joJOTeaCIjEjW7cmFQ,3.228.197.246,1,2022,6,8
au09joJOTeaCIjEjW7cmFQ,3.228.197.246,1,2022,6,9
au09joJOTeaCIjEjW7cmFQ,3.232.225.49,1,2022,6,1
au09joJOTeaCIjEjW7cmFQ,3.232.225.49,1,2022,6,2
au09joJOTeaCIjEjW7cmFQ,3.232.225.49,1,2022,6,3
au09joJOTeaCIjEjW7cmFQ,3.232.225.49,1,2022,6,4
au09joJOTeaCIjEjW7cmFQ,3.232.225.49,1,2022,6,5
au09joJOTeaCIjEjW7cmFQ,3.232.225.49,1,2022,6,6
au09joJOTeaCIjEjW7cmFQ,3.232.225.49,1,2022,6,7
au09joJOTeaCIjEjW7cmFQ,3.232.225.49,1,2022,6,8
au09joJOTeaCIjEjW7cmFQ,3.232.225.49,1,2022,6,9
au09joJOTeaCIjEjW7cmFQ,3.232.225.49,1,2022,6,10
au09joJOTeaCIjEjW7cmFQ,3.232.225.49,1,2022,6,11
au09joJOTeaCIjEjW7cmFQ,3.232.225.49,1,2022,6,12
au09joJOTeaCIjEjW7cmFQ,3.232.225.49,1,2022,6,13
au09joJOTeaCIjEjW7cmFQ,3.232.225.49,1,2022,6,14
au09joJOTeaCIjEjW7cmFQ,34.238.143.76,7,2022,6,1
au09joJOTeaCIjEjW7cmFQ,34.238.143.76,4,2022,6,2
au09joJOTeaCIjEjW7cmFQ,34.238.143.76,4,2022,6,3
au09joJOTeaCIjEjW7cmFQ,34.238.143.76,4,2022,6,4
au09joJOTeaCIjEjW7cmFQ,34.238.143.76,4,2022,6,5
au09joJOTeaCIjEjW7cmFQ,34.238.143.76,4,2022,6,6
au09joJOTeaCIjEjW7cmFQ,34.238.143.76,7,2022,6,7
au09joJOTeaCIjEjW7cmFQ,34.238.143.76,7,2022,6,8
au09joJOTeaCIjEjW7cmFQ,34.238.143.76,7,2022,6,9
au09joJOTeaCIjEjW7cmFQ,34.238.143.76,7,2022,6,10
au09joJOTeaCIjEjW7cmFQ,34.238.143.76,7,2022,6,11
au09joJOTeaCIjEjW7cmFQ,34.238.143.76,7,2022,6,12
au09joJOTeaCIjEjW7cmFQ,34.238.143.76,7,2022,6,13
au09joJOTeaCIjEjW7cmFQ,34.238.143.76,7,2022,6,14
au09joJOTeaCIjEjW7cmFQ,38.99.100.2,726,2022,6,1
au09joJOTeaCIjEjW7cmFQ,38.99.100.2,658,2022,6,2
au09joJOTeaCIjEjW7cmFQ,38.99.100.2,527,2022,6,3
au09joJOTeaCIjEjW7cmFQ,38.99.100.2,524,2022,6,4
au09joJOTeaCIjEjW7cmFQ,38.99.100.2,530,2022,6,5
au09joJOTeaCIjEjW7cmFQ,38.99.100.2,375,2022,6,6
au09joJOTeaCIjEjW7cmFQ,38.99.100.2,565,2022,6,7
au09joJOTeaCIjEjW7cmFQ,38.99.100.2,641,2022,6,8
au09joJOTeaCIjEjW7cmFQ,38.99.100.2,612,2022,6,9
au09joJOTeaCIjEjW7cmFQ,38.99.100.2,602,2022,6,10
au09joJOTeaCIjEjW7cmFQ,38.99.100.2,536,2022,6,11
au09joJOTeaCIjEjW7cmFQ,38.99.100.2,559,2022,6,12
au09joJOTeaCIjEjW7cmFQ,38.99.100.2,580,2022,6,13
au09joJOTeaCIjEjW7cmFQ,38.99.100.2,615,2022,6,14
gaGRN96VSLCKvBvg-GsPNw,13.52.234.238,8,2022,6,14
gaGRN96VSLCKvBvg-GsPNw,18.205.35.125,824,2022,6,1
gaGRN96VSLCKvBvg-GsPNw,18.205.35.125,336,2022,6,2
gaGRN96VSLCKvBvg-GsPNw,18.205.35.125,256,2022,6,6
gaGRN96VSLCKvBvg-GsPNw,18.205.35.125,1,2022,6,14
gaGRN96VSLCKvBvg-GsPNw,18.215.88.65,1,2022,6,6
gaGRN96VSLCKvBvg-GsPNw,18.215.88.65,2,2022,6,8
gaGRN96VSLCKvBvg-GsPNw,18.215.88.65,3,2022,6,9
gaGRN96VSLCKvBvg-GsPNw,18.215.88.65,5,2022,6,10
gaGRN96VSLCKvBvg-GsPNw,18.215.88.65,1,2022,6,11
gaGRN96VSLCKvBvg-GsPNw,18.215.88.65,3,2022,6,13
gaGRN96VSLCKvBvg-GsPNw,18.215.88.65,1,2022,6,14
gaGRN96VSLCKvBvg-GsPNw,34.215.195.251,3,2022,6,1
gaGRN96VSLCKvBvg-GsPNw,34.215.195.251,3,2022,6,2
gaGRN96VSLCKvBvg-GsPNw,34.215.195.251,1,2022,6,6
gaGRN96VSLCKvBvg-GsPNw,34.215.195.251,4,2022,6,9
gaGRN96VSLCKvBvg-GsPNw,34.215.195.251,2,2022,6,10
gaGRN96VSLCKvBvg-GsPNw,34.215.195.251,2,2022,6,13
gaGRN96VSLCKvBvg-GsPNw,34.215.195.251,5,2022,6,14
gaGRN96VSLCKvBvg-GsPNw,34.238.143.76,28,2022,6,1
gaGRN96VSLCKvBvg-GsPNw,34.238.143.76,25,2022,6,2
gaGRN96VSLCKvBvg-GsPNw,34.238.143.76,13,2022,6,6
gaGRN96VSLCKvBvg-GsPNw,34.238.143.76,1,2022,6,7
gaGRN96VSLCKvBvg-GsPNw,34.238.143.76,1,2022,6,8
gaGRN96VSLCKvBvg-GsPNw,34.238.143.76,10,2022,6,9
gaGRN96VSLCKvBvg-GsPNw,34.238.143.76,30,2022,6,10
gaGRN96VSLCKvBvg-GsPNw,34.238.143.76,5,2022,6,13
gaGRN96VSLCKvBvg-GsPNw,34.238.143.76,10,2022,6,14
gaGRN96VSLCKvBvg-GsPNw,36.33.24.184,10,2022,6,14
gaGRN96VSLCKvBvg-GsPNw,38.99.100.2,581,2022,6,1
gaGRN96VSLCKvBvg-GsPNw,38.99.100.2,751,2022,6,2
gaGRN96VSLCKvBvg-GsPNw,38.99.100.2,336,2022,6,6
gaGRN96VSLCKvBvg-GsPNw,38.99.100.2,76,2022,6,7
gaGRN96VSLCKvBvg-GsPNw,38.99.100.2,141,2022,6,8
gaGRN96VSLCKvBvg-GsPNw,38.99.100.2,268,2022,6,9
gaGRN96VSLCKvBvg-GsPNw,38.99.100.2,665,2022,6,10
gaGRN96VSLCKvBvg-GsPNw,38.99.100.2,527,2022,6,13
gaGRN96VSLCKvBvg-GsPNw,38.99.100.2,561,2022,6,14
j8ws5gMTTNyto3Feftdt3w,34.238.143.76,22,2022,6,1
j8ws5gMTTNyto3Feftdt3w,34.238.143.76,22,2022,6,2
j8ws5gMTTNyto3Feftdt3w,34.238.143.76,58,2022,6,3
j8ws5gMTTNyto3Feftdt3w,34.238.143.76,27,2022,6,4
j8ws5gMTTNyto3Feftdt3w,34.238.143.76,38,2022,6,5
j8ws5gMTTNyto3Feftdt3w,34.238.143.76,6,2022,6,6
j8ws5gMTTNyto3Feftdt3w,34.238.143.76,22,2022,6,7
j8ws5gMTTNyto3Feftdt3w,34.238.143.76,44,2022,6,8
j8ws5gMTTNyto3Feftdt3w,34.238.143.76,21,2022,6,9
j8ws5gMTTNyto3Feftdt3w,34.238.143.76,1,2022,6,10
j8ws5gMTTNyto3Feftdt3w,34.238.143.76,22,2022,6,12
j8ws5gMTTNyto3Feftdt3w,34.238.143.76,59,2022,6,13
j8ws5gMTTNyto3Feftdt3w,34.238.143.76,19,2022,6,14
j8ws5gMTTNyto3Feftdt3w,38.99.100.2,195,2022,6,1
j8ws5gMTTNyto3Feftdt3w,38.99.100.2,192,2022,6,2
j8ws5gMTTNyto3Feftdt3w,38.99.100.2,446,2022,6,3
j8ws5gMTTNyto3Feftdt3w,38.99.100.2,240,2022,6,4
j8ws5gMTTNyto3Feftdt3w,38.99.100.2,329,2022,6,5
j8ws5gMTTNyto3Feftdt3w,38.99.100.2,61,2022,6,6
j8ws5gMTTNyto3Feftdt3w,38.99.100.2,186,2022,6,7
j8ws5gMTTNyto3Feftdt3w,38.99.100.2,364,2022,6,8
j8ws5gMTTNyto3Feftdt3w,38.99.100.2,182,2022,6,9
j8ws5gMTTNyto3Feftdt3w,38.99.100.2,9,2022,6,10
j8ws5gMTTNyto3Feftdt3w,38.99.100.2,195,2022,6,12
j8ws5gMTTNyto3Feftdt3w,38.99.100.2,502,2022,6,13
j8ws5gMTTNyto3Feftdt3w,38.99.100.2,169,2022,6,14
kzfVg5EyT3GRWT6CEGXmnw,34.215.195.251,22,2022,6,1
kzfVg5EyT3GRWT6CEGXmnw,34.215.195.251,8,2022,6,8
kzfVg5EyT3GRWT6CEGXmnw,34.215.195.251,4,2022,6,9
kzfVg5EyT3GRWT6CEGXmnw,34.215.195.251,25,2022,6,13
kzfVg5EyT3GRWT6CEGXmnw,34.215.195.251,3,2022,6,14
kzfVg5EyT3GRWT6CEGXmnw,34.238.143.76,16,2022,6,1
kzfVg5EyT3GRWT6CEGXmnw,34.238.143.76,1,2022,6,6
kzfVg5EyT3GRWT6CEGXmnw,34.238.143.76,1,2022,6,7
kzfVg5EyT3GRWT6CEGXmnw,34.238.143.76,10,2022,6,13
kzfVg5EyT3GRWT6CEGXmnw,34.238.143.76,11,2022,6,14
kzfVg5EyT3GRWT6CEGXmnw,38.99.100.2,725,2022,6,1
kzfVg5EyT3GRWT6CEGXmnw,38.99.100.2,898,2022,6,2
kzfVg5EyT3GRWT6CEGXmnw,38.99.100.2,9,2022,6,3
kzfVg5EyT3GRWT6CEGXmnw,38.99.100.2,24,2022,6,4
kzfVg5EyT3GRWT6CEGXmnw,38.99.100.2,18,2022,6,5
kzfVg5EyT3GRWT6CEGXmnw,38.99.100.2,970,2022,6,6
kzfVg5EyT3GRWT6CEGXmnw,38.99.100.2,906,2022,6,7
kzfVg5EyT3GRWT6CEGXmnw,38.99.100.2,602,2022,6,8
kzfVg5EyT3GRWT6CEGXmnw,38.99.100.2,972,2022,6,9
kzfVg5EyT3GRWT6CEGXmnw,38.99.100.2,911,2022,6,10
kzfVg5EyT3GRWT6CEGXmnw,38.99.100.2,35,2022,6,11
kzfVg5EyT3GRWT6CEGXmnw,38.99.100.2,44,2022,6,12
kzfVg5EyT3GRWT6CEGXmnw,38.99.100.2,900,2022,6,13
kzfVg5EyT3GRWT6CEGXmnw,38.99.100.2,906,2022,6,14
o1tCxiReSFG_I-JW8Zs-Jg,13.52.234.238,18,2022,6,14
o1tCxiReSFG_I-JW8Zs-Jg,18.205.35.125,206,2022,6,1
o1tCxiReSFG_I-JW8Zs-Jg,18.205.35.125,22,2022,6,2
o1tCxiReSFG_I-JW8Zs-Jg,18.205.35.125,47,2022,6,6
o1tCxiReSFG_I-JW8Zs-Jg,18.205.35.125,432,2022,6,7
o1tCxiReSFG_I-JW8Zs-Jg,18.205.35.125,971,2022,6,10
o1tCxiReSFG_I-JW8Zs-Jg,18.205.35.125,1775,2022,6,13
o1tCxiReSFG_I-JW8Zs-Jg,18.205.35.125,167,2022,6,14
o1tCxiReSFG_I-JW8Zs-Jg,3.228.197.246,1,2022,6,6
o1tCxiReSFG_I-JW8Zs-Jg,34.215.195.251,2,2022,6,8
o1tCxiReSFG_I-JW8Zs-Jg,34.215.195.251,2,2022,6,9
o1tCxiReSFG_I-JW8Zs-Jg,34.215.195.251,2,2022,6,14
o1tCxiReSFG_I-JW8Zs-Jg,34.238.143.76,16,2022,6,1
o1tCxiReSFG_I-JW8Zs-Jg,34.238.143.76,2,2022,6,2
o1tCxiReSFG_I-JW8Zs-Jg,34.238.143.76,5,2022,6,6
o1tCxiReSFG_I-JW8Zs-Jg,34.238.143.76,19,2022,6,7
o1tCxiReSFG_I-JW8Zs-Jg,34.238.143.76,8,2022,6,8
o1tCxiReSFG_I-JW8Zs-Jg,34.238.143.76,18,2022,6,9
o1tCxiReSFG_I-JW8Zs-Jg,34.238.143.76,38,2022,6,10
o1tCxiReSFG_I-JW8Zs-Jg,34.238.143.76,37,2022,6,13
o1tCxiReSFG_I-JW8Zs-Jg,34.238.143.76,19,2022,6,14
o1tCxiReSFG_I-JW8Zs-Jg,38.99.100.2,212,2022,6,1
o1tCxiReSFG_I-JW8Zs-Jg,38.99.100.2,80,2022,6,2
o1tCxiReSFG_I-JW8Zs-Jg,38.99.100.2,1,2022,6,3
o1tCxiReSFG_I-JW8Zs-Jg,38.99.100.2,2,2022,6,4
o1tCxiReSFG_I-JW8Zs-Jg,38.99.100.2,1,2022,6,5
o1tCxiReSFG_I-JW8Zs-Jg,38.99.100.2,270,2022,6,6
o1tCxiReSFG_I-JW8Zs-Jg,38.99.100.2,341,2022,6,7
o1tCxiReSFG_I-JW8Zs-Jg,38.99.100.2,499,2022,6,8
o1tCxiReSFG_I-JW8Zs-Jg,38.99.100.2,416,2022,6,9
o1tCxiReSFG_I-JW8Zs-Jg,38.99.100.2,748,2022,6,10
o1tCxiReSFG_I-JW8Zs-Jg,38.99.100.2,4,2022,6,11
o1tCxiReSFG_I-JW8Zs-Jg,38.99.100.2,20,2022,6,12
o1tCxiReSFG_I-JW8Zs-Jg,38.99.100.2,828,2022,6,13
o1tCxiReSFG_I-JW8Zs-Jg,38.99.100.2,679,2022,6,14
o795-lSDSkCh9Uops8M7rw,13.228.40.163,1,2022,6,8
o795-lSDSkCh9Uops8M7rw,13.228.40.163,1,2022,6,13
o795-lSDSkCh9Uops8M7rw,18.205.35.125,28,2022,6,1
o795-lSDSkCh9Uops8M7rw,18.205.35.125,9,2022,6,2
o795-lSDSkCh9Uops8M7rw,18.215.88.65,5,2022,6,2
o795-lSDSkCh9Uops8M7rw,18.215.88.65,4,2022,6,3
o795-lSDSkCh9Uops8M7rw,18.215.88.65,4,2022,6,4
o795-lSDSkCh9Uops8M7rw,18.215.88.65,6,2022,6,5
o795-lSDSkCh9Uops8M7rw,18.215.88.65,15,2022,6,6
o795-lSDSkCh9Uops8M7rw,2001:559:a4:225::195,1,2022,6,10
o795-lSDSkCh9Uops8M7rw,2001:559:a4:225::195,2,2022,6,13
o795-lSDSkCh9Uops8M7rw,2001:559:a4:225::195,7,2022,6,14
o795-lSDSkCh9Uops8M7rw,2001:559:a4:227:24fe:7915:6bd7:5e9e,1,2022,6,2
o795-lSDSkCh9Uops8M7rw,2001:559:a4:227:9d86:c4da:d756:714,8,2022,6,1
o795-lSDSkCh9Uops8M7rw,2001:559:a4:227:9d86:c4da:d756:714,5,2022,6,2
o795-lSDSkCh9Uops8M7rw,2001:559:a4:227:9d86:c4da:d756:714,13,2022,6,7
o795-lSDSkCh9Uops8M7rw,2001:559:a4:227:9d86:c4da:d756:714,2,2022,6,8
o795-lSDSkCh9Uops8M7rw,2001:559:a4:227:c0e:95dc:932a:ef8c,13,2022,6,10
o795-lSDSkCh9Uops8M7rw,2001:559:a4:227:cd6f:b784:1173:1a64,10,2022,6,13
o795-lSDSkCh9Uops8M7rw,2001:559:a4:227:cd6f:b784:1173:1a64,34,2022,6,14
o795-lSDSkCh9Uops8M7rw,2001:559:a4:228:914a:4365:66c8:6d27,11,2022,6,8
o795-lSDSkCh9Uops8M7rw,2001:559:a4:236:2444:21fb:4e91:f792,7,2022,6,14
o795-lSDSkCh9Uops8M7rw,2001:559:a4:236:906e:1fee:d5c3:9e95,22,2022,6,13
o795-lSDSkCh9Uops8M7rw,2001:559:a4:236:9c7a:2700:2eab:cdcb,23,2022,6,13
o795-lSDSkCh9Uops8M7rw,3.208.254.246,30,2022,6,1
o795-lSDSkCh9Uops8M7rw,3.208.254.246,27,2022,6,6
o795-lSDSkCh9Uops8M7rw,3.211.133.56,4,2022,6,1
o795-lSDSkCh9Uops8M7rw,3.211.133.56,13,2022,6,6
o795-lSDSkCh9Uops8M7rw,3.211.70.114,2,2022,6,6
o795-lSDSkCh9Uops8M7rw,3.228.197.246,1,2022,6,9
o795-lSDSkCh9Uops8M7rw,34.215.195.251,30,2022,6,1
o795-lSDSkCh9Uops8M7rw,34.215.195.251,10,2022,6,2
o795-lSDSkCh9Uops8M7rw,34.215.195.251,3,2022,6,6
o795-lSDSkCh9Uops8M7rw,34.215.195.251,7,2022,6,11
o795-lSDSkCh9Uops8M7rw,34.215.195.251,7,2022,6,14
o795-lSDSkCh9Uops8M7rw,34.238.143.76,10,2022,6,1
o795-lSDSkCh9Uops8M7rw,34.238.143.76,20,2022,6,2
o795-lSDSkCh9Uops8M7rw,34.238.143.76,21,2022,6,6
o795-lSDSkCh9Uops8M7rw,34.238.143.76,20,2022,6,7
o795-lSDSkCh9Uops8M7rw,34.238.143.76,11,2022,6,8
o795-lSDSkCh9Uops8M7rw,34.238.143.76,43,2022,6,9
o795-lSDSkCh9Uops8M7rw,34.238.143.76,3,2022,6,10
o795-lSDSkCh9Uops8M7rw,34.238.143.76,7,2022,6,11
o795-lSDSkCh9Uops8M7rw,34.238.143.76,15,2022,6,13
o795-lSDSkCh9Uops8M7rw,34.238.143.76,27,2022,6,14
o795-lSDSkCh9Uops8M7rw,36.33.24.184,32,2022,6,1
o795-lSDSkCh9Uops8M7rw,36.33.24.184,117,2022,6,2
o795-lSDSkCh9Uops8M7rw,36.33.24.184,43,2022,6,6
o795-lSDSkCh9Uops8M7rw,36.33.24.184,95,2022,6,7
o795-lSDSkCh9Uops8M7rw,36.33.24.184,83,2022,6,8
o795-lSDSkCh9Uops8M7rw,36.33.24.184,4,2022,6,13
o795-lSDSkCh9Uops8M7rw,36.33.24.184,14,2022,6,14
o795-lSDSkCh9Uops8M7rw,38.99.100.2,3662,2022,6,1
o795-lSDSkCh9Uops8M7rw,38.99.100.2,3206,2022,6,2
o795-lSDSkCh9Uops8M7rw,38.99.100.2,918,2022,6,3
o795-lSDSkCh9Uops8M7rw,38.99.100.2,915,2022,6,4
o795-lSDSkCh9Uops8M7rw,38.99.100.2,920,2022,6,5
o795-lSDSkCh9Uops8M7rw,38.99.100.2,2503,2022,6,6
o795-lSDSkCh9Uops8M7rw,38.99.100.2,2842,2022,6,7
o795-lSDSkCh9Uops8M7rw,38.99.100.2,2607,2022,6,8
o795-lSDSkCh9Uops8M7rw,38.99.100.2,3148,2022,6,9
o795-lSDSkCh9Uops8M7rw,38.99.100.2,1429,2022,6,10
o795-lSDSkCh9Uops8M7rw,38.99.100.2,2365,2022,6,11
o795-lSDSkCh9Uops8M7rw,38.99.100.2,1088,2022,6,12
o795-lSDSkCh9Uops8M7rw,38.99.100.2,4419,2022,6,13
o795-lSDSkCh9Uops8M7rw,38.99.100.2,4856,2022,6,14
o795-lSDSkCh9Uops8M7rw,38.99.100.7,254,2022,6,1
o795-lSDSkCh9Uops8M7rw,38.99.100.7,170,2022,6,2
o795-lSDSkCh9Uops8M7rw,38.99.100.7,17,2022,6,6
o795-lSDSkCh9Uops8M7rw,38.99.100.7,11,2022,6,7
o795-lSDSkCh9Uops8M7rw,38.99.100.7,113,2022,6,8
o795-lSDSkCh9Uops8M7rw,38.99.100.7,90,2022,6,9
o795-lSDSkCh9Uops8M7rw,38.99.100.7,43,2022,6,10
o795-lSDSkCh9Uops8M7rw,38.99.100.7,280,2022,6,14
o795-lSDSkCh9Uops8M7rw,52.220.255.171,1,2022,6,14
o795-lSDSkCh9Uops8M7rw,52.73.66.5,6,2022,6,1
o795-lSDSkCh9Uops8M7rw,52.73.66.5,3,2022,6,6
o795-lSDSkCh9Uops8M7rw,52.73.66.5,1,2022,6,7
o795-lSDSkCh9Uops8M7rw,52.74.225.218,14,2022,6,1
o795-lSDSkCh9Uops8M7rw,52.74.225.218,3,2022,6,2
o795-lSDSkCh9Uops8M7rw,52.74.225.218,1,2022,6,7
o795-lSDSkCh9Uops8M7rw,52.74.225.218,14,2022,6,9
o795-lSDSkCh9Uops8M7rw,52.76.116.153,7,2022,6,1
o795-lSDSkCh9Uops8M7rw,52.76.116.153,3,2022,6,2
o795-lSDSkCh9Uops8M7rw,52.76.116.153,1,2022,6,6
o795-lSDSkCh9Uops8M7rw,52.76.116.153,2,2022,6,7
o795-lSDSkCh9Uops8M7rw,52.76.116.153,19,2022,6,9
o795-lSDSkCh9Uops8M7rw,52.76.116.153,2,2022,6,11
o795-lSDSkCh9Uops8M7rw,52.76.116.153,1,2022,6,14
o795-lSDSkCh9Uops8M7rw,52.76.192.139,4,2022,6,6
o795-lSDSkCh9Uops8M7rw,54.147.230.103,9,2022,6,1
o795-lSDSkCh9Uops8M7rw,54.179.122.232,1,2022,6,8
o795-lSDSkCh9Uops8M7rw,54.179.122.232,2,2022,6,13
o795-lSDSkCh9Uops8M7rw,54.255.206.65,2,2022,6,14
q5rCW-I7RzOPIIiB6IN3Vg,34.238.143.76,2,2022,6,7
q5rCW-I7RzOPIIiB6IN3Vg,34.238.143.76,3,2022,6,8
q5rCW-I7RzOPIIiB6IN3Vg,34.238.143.76,2,2022,6,13
q5rCW-I7RzOPIIiB6IN3Vg,38.99.100.2,10,2022,6,7
q5rCW-I7RzOPIIiB6IN3Vg,38.99.100.2,25,2022,6,8
q5rCW-I7RzOPIIiB6IN3Vg,38.99.100.2,60,2022,6,13
q5rCW-I7RzOPIIiB6IN3Vg,38.99.100.2,123,2022,6,14
tETEyYluSBKoqAwT65OVnQ,13.52.234.238,12,2022,6,14
tETEyYluSBKoqAwT65OVnQ,18.205.35.125,2742,2022,6,1
tETEyYluSBKoqAwT65OVnQ,18.205.35.125,987,2022,6,2
tETEyYluSBKoqAwT65OVnQ,18.205.35.125,636,2022,6,3
tETEyYluSBKoqAwT65OVnQ,18.205.35.125,552,2022,6,4
tETEyYluSBKoqAwT65OVnQ,18.205.35.125,1328,2022,6,6
tETEyYluSBKoqAwT65OVnQ,18.205.35.125,165,2022,6,7
tETEyYluSBKoqAwT65OVnQ,18.205.35.125,31,2022,6,9
tETEyYluSBKoqAwT65OVnQ,18.205.35.125,1163,2022,6,10
tETEyYluSBKoqAwT65OVnQ,18.205.35.125,9,2022,6,11
tETEyYluSBKoqAwT65OVnQ,18.205.35.125,1000,2022,6,13
tETEyYluSBKoqAwT65OVnQ,18.205.35.125,992,2022,6,14
tETEyYluSBKoqAwT65OVnQ,3.228.197.246,1,2022,6,1
tETEyYluSBKoqAwT65OVnQ,3.228.197.246,1,2022,6,6
tETEyYluSBKoqAwT65OVnQ,34.215.195.251,7,2022,6,1
tETEyYluSBKoqAwT65OVnQ,34.238.143.76,97,2022,6,1
tETEyYluSBKoqAwT65OVnQ,34.238.143.76,37,2022,6,2
tETEyYluSBKoqAwT65OVnQ,34.238.143.76,49,2022,6,6
tETEyYluSBKoqAwT65OVnQ,34.238.143.76,14,2022,6,7
tETEyYluSBKoqAwT65OVnQ,34.238.143.76,54,2022,6,8
tETEyYluSBKoqAwT65OVnQ,34.238.143.76,63,2022,6,9
tETEyYluSBKoqAwT65OVnQ,34.238.143.76,22,2022,6,10
tETEyYluSBKoqAwT65OVnQ,34.238.143.76,19,2022,6,13
tETEyYluSBKoqAwT65OVnQ,34.238.143.76,20,2022,6,14
tETEyYluSBKoqAwT65OVnQ,38.99.100.2,1756,2022,6,1
tETEyYluSBKoqAwT65OVnQ,38.99.100.2,1224,2022,6,2
tETEyYluSBKoqAwT65OVnQ,38.99.100.2,897,2022,6,3
tETEyYluSBKoqAwT65OVnQ,38.99.100.2,905,2022,6,4
tETEyYluSBKoqAwT65OVnQ,38.99.100.2,901,2022,6,5
tETEyYluSBKoqAwT65OVnQ,38.99.100.2,1416,2022,6,6
tETEyYluSBKoqAwT65OVnQ,38.99.100.2,1067,2022,6,7
tETEyYluSBKoqAwT65OVnQ,38.99.100.2,1610,2022,6,8
tETEyYluSBKoqAwT65OVnQ,38.99.100.2,1220,2022,6,9
tETEyYluSBKoqAwT65OVnQ,38.99.100.2,1017,2022,6,10
tETEyYluSBKoqAwT65OVnQ,38.99.100.2,871,2022,6,11
tETEyYluSBKoqAwT65OVnQ,38.99.100.2,941,2022,6,12
tETEyYluSBKoqAwT65OVnQ,38.99.100.2,1015,2022,6,13
tETEyYluSBKoqAwT65OVnQ,38.99.100.2,1273,2022,6,14
tETEyYluSBKoqAwT65OVnQ,38.99.100.7,232,2022,6,1
tETEyYluSBKoqAwT65OVnQ,38.99.100.7,169,2022,6,2
tETEyYluSBKoqAwT65OVnQ,38.99.100.7,123,2022,6,3
tETEyYluSBKoqAwT65OVnQ,38.99.100.7,9,2022,6,4
tETEyYluSBKoqAwT65OVnQ,38.99.100.7,2,2022,6,5
tETEyYluSBKoqAwT65OVnQ,38.99.100.7,51,2022,6,6
tETEyYluSBKoqAwT65OVnQ,38.99.100.7,43,2022,6,7
tETEyYluSBKoqAwT65OVnQ,38.99.100.7,34,2022,6,8
tETEyYluSBKoqAwT65OVnQ,38.99.100.7,104,2022,6,9
tETEyYluSBKoqAwT65OVnQ,38.99.100.7,104,2022,6,10
tETEyYluSBKoqAwT65OVnQ,38.99.100.7,2,2022,6,11
tETEyYluSBKoqAwT65OVnQ,38.99.100.7,8,2022,6,12
tETEyYluSBKoqAwT65OVnQ,38.99.100.7,101,2022,6,13
tETEyYluSBKoqAwT65OVnQ,38.99.100.7,121,2022,6,14
tETEyYluSBKoqAwT65OVnQ,52.76.116.153,2,2022,6,14
uFGXdR9KQmqgnKjUICQgcQ,34.215.195.251,12,2022,6,1
uFGXdR9KQmqgnKjUICQgcQ,34.215.195.251,8,2022,6,2
uFGXdR9KQmqgnKjUICQgcQ,34.215.195.251,2,2022,6,4
uFGXdR9KQmqgnKjUICQgcQ,34.215.195.251,2,2022,6,6
uFGXdR9KQmqgnKjUICQgcQ,34.215.195.251,2,2022,6,7
uFGXdR9KQmqgnKjUICQgcQ,34.215.195.251,10,2022,6,8
uFGXdR9KQmqgnKjUICQgcQ,34.215.195.251,12,2022,6,9
uFGXdR9KQmqgnKjUICQgcQ,34.215.195.251,6,2022,6,10
uFGXdR9KQmqgnKjUICQgcQ,34.215.195.251,2,2022,6,11
uFGXdR9KQmqgnKjUICQgcQ,34.215.195.251,7,2022,6,13
uFGXdR9KQmqgnKjUICQgcQ,34.215.195.251,5,2022,6,14
uFGXdR9KQmqgnKjUICQgcQ,34.238.143.76,285,2022,6,1
uFGXdR9KQmqgnKjUICQgcQ,34.238.143.76,182,2022,6,2
uFGXdR9KQmqgnKjUICQgcQ,34.238.143.76,8,2022,6,3
uFGXdR9KQmqgnKjUICQgcQ,34.238.143.76,36,2022,6,4
uFGXdR9KQmqgnKjUICQgcQ,34.238.143.76,16,2022,6,6
uFGXdR9KQmqgnKjUICQgcQ,34.238.143.76,37,2022,6,7
uFGXdR9KQmqgnKjUICQgcQ,34.238.143.76,143,2022,6,8
uFGXdR9KQmqgnKjUICQgcQ,34.238.143.76,173,2022,6,9
uFGXdR9KQmqgnKjUICQgcQ,34.238.143.76,87,2022,6,10
uFGXdR9KQmqgnKjUICQgcQ,34.238.143.76,41,2022,6,11
uFGXdR9KQmqgnKjUICQgcQ,34.238.143.76,168,2022,6,13
uFGXdR9KQmqgnKjUICQgcQ,34.238.143.76,134,2022,6,14
uFGXdR9KQmqgnKjUICQgcQ,38.99.100.2,5930,2022,6,1
uFGXdR9KQmqgnKjUICQgcQ,38.99.100.2,4733,2022,6,2
uFGXdR9KQmqgnKjUICQgcQ,38.99.100.2,681,2022,6,3
uFGXdR9KQmqgnKjUICQgcQ,38.99.100.2,883,2022,6,4
uFGXdR9KQmqgnKjUICQgcQ,38.99.100.2,20,2022,6,5
uFGXdR9KQmqgnKjUICQgcQ,38.99.100.2,1131,2022,6,6
uFGXdR9KQmqgnKjUICQgcQ,38.99.100.2,857,2022,6,7
uFGXdR9KQmqgnKjUICQgcQ,38.99.100.2,3747,2022,6,8
uFGXdR9KQmqgnKjUICQgcQ,38.99.100.2,4129,2022,6,9
uFGXdR9KQmqgnKjUICQgcQ,38.99.100.2,1829,2022,6,10
uFGXdR9KQmqgnKjUICQgcQ,38.99.100.2,924,2022,6,11
uFGXdR9KQmqgnKjUICQgcQ,38.99.100.2,122,2022,6,12
uFGXdR9KQmqgnKjUICQgcQ,38.99.100.2,3382,2022,6,13
uFGXdR9KQmqgnKjUICQgcQ,38.99.100.2,2629,2022,6,14
uFGXdR9KQmqgnKjUICQgcQ,38.99.100.7,48,2022,6,1
yvC1QJC9TjyqSUwLMIdpYA,13.52.234.238,1,2022,6,14
yvC1QJC9TjyqSUwLMIdpYA,18.205.35.125,2,2022,6,7
yvC1QJC9TjyqSUwLMIdpYA,2001:559:a4:225::195,1,2022,6,8
yvC1QJC9TjyqSUwLMIdpYA,2001:559:a4:225::195,1,2022,6,13
yvC1QJC9TjyqSUwLMIdpYA,2001:559:a4:227:b849:2335:1460:5ca8,156,2022,6,9
yvC1QJC9TjyqSUwLMIdpYA,3.228.197.246,1,2022,6,9
yvC1QJC9TjyqSUwLMIdpYA,3.228.197.246,1,2022,6,10
yvC1QJC9TjyqSUwLMIdpYA,3.228.197.246,1,2022,6,14
yvC1QJC9TjyqSUwLMIdpYA,34.238.143.76,3,2022,6,2
yvC1QJC9TjyqSUwLMIdpYA,34.238.143.76,11,2022,6,6
yvC1QJC9TjyqSUwLMIdpYA,34.238.143.76,36,2022,6,7
yvC1QJC9TjyqSUwLMIdpYA,34.238.143.76,9,2022,6,8
yvC1QJC9TjyqSUwLMIdpYA,34.238.143.76,12,2022,6,9
yvC1QJC9TjyqSUwLMIdpYA,34.238.143.76,5,2022,6,10
yvC1QJC9TjyqSUwLMIdpYA,34.238.143.76,4,2022,6,13
yvC1QJC9TjyqSUwLMIdpYA,34.238.143.76,5,2022,6,14
yvC1QJC9TjyqSUwLMIdpYA,36.33.24.184,7,2022,6,1
yvC1QJC9TjyqSUwLMIdpYA,36.33.24.184,3,2022,6,7
yvC1QJC9TjyqSUwLMIdpYA,36.33.24.184,1,2022,6,9
yvC1QJC9TjyqSUwLMIdpYA,36.33.24.184,6,2022,6,13
yvC1QJC9TjyqSUwLMIdpYA,36.33.24.184,12,2022,6,14
yvC1QJC9TjyqSUwLMIdpYA,38.99.100.2,362,2022,6,1
yvC1QJC9TjyqSUwLMIdpYA,38.99.100.2,1508,2022,6,2
yvC1QJC9TjyqSUwLMIdpYA,38.99.100.2,37,2022,6,3
yvC1QJC9TjyqSUwLMIdpYA,38.99.100.2,27,2022,6,4
yvC1QJC9TjyqSUwLMIdpYA,38.99.100.2,23,2022,6,5
yvC1QJC9TjyqSUwLMIdpYA,38.99.100.2,2772,2022,6,6
yvC1QJC9TjyqSUwLMIdpYA,38.99.100.2,2494,2022,6,7
yvC1QJC9TjyqSUwLMIdpYA,38.99.100.2,1457,2022,6,8
yvC1QJC9TjyqSUwLMIdpYA,38.99.100.2,1679,2022,6,9
yvC1QJC9TjyqSUwLMIdpYA,38.99.100.2,2597,2022,6,10
yvC1QJC9TjyqSUwLMIdpYA,38.99.100.2,317,2022,6,11
yvC1QJC9TjyqSUwLMIdpYA,38.99.100.2,427,2022,6,12
yvC1QJC9TjyqSUwLMIdpYA,38.99.100.2,625,2022,6,13
yvC1QJC9TjyqSUwLMIdpYA,38.99.100.2,3176,2022,6,14
yvC1QJC9TjyqSUwLMIdpYA,38.99.100.7,2,2022,6,1
yvC1QJC9TjyqSUwLMIdpYA,52.74.225.218,2,2022,6,2
yvC1QJC9TjyqSUwLMIdpYA,52.74.225.218,6,2022,6,6
yvC1QJC9TjyqSUwLMIdpYA,52.74.225.218,1,2022,6,7
yvC1QJC9TjyqSUwLMIdpYA,52.74.225.218,5,2022,6,10
yvC1QJC9TjyqSUwLMIdpYA,52.74.225.218,2,2022,6,13
yvC1QJC9TjyqSUwLMIdpYA,52.74.225.218,10,2022,6,14
yvC1QJC9TjyqSUwLMIdpYA,52.76.116.153,3,2022,6,2
yvC1QJC9TjyqSUwLMIdpYA,52.76.116.153,8,2022,6,14
yvC1QJC9TjyqSUwLMIdpYA,54.179.122.232,8,2022,6,6
yvC1QJC9TjyqSUwLMIdpYA,54.179.122.232,3,2022,6,10
