account_id,xrealip
1PMs3C13QBace6Xc-DO6wg,38.99.100.2
1PMs3C13QBace6Xc-DO6wg,34.238.143.76
1PMs3C13QBace6Xc-DO6wg,18.205.35.125
1PMs3C13QBace6Xc-DO6wg,34.215.195.251
1PMs3C13QBace6Xc-DO6wg,18.215.88.65
1PMs3C13QBace6Xc-DO6wg,13.52.234.238
1YTSivKkQrCXOmlnAUPaJA,38.99.100.2
1YTSivKkQrCXOmlnAUPaJA,2001:559:a4:225::195
3zt8ho9cR8i6eFCKtBby8Q,38.99.114.227
3zt8ho9cR8i6eFCKtBby8Q,38.99.100.2
3zt8ho9cR8i6eFCKtBby8Q,34.238.143.76
3zt8ho9cR8i6eFCKtBby8Q,52.76.192.139
3zt8ho9cR8i6eFCKtBby8Q,34.215.195.251
3zt8ho9cR8i6eFCKtBby8Q,13.52.234.238
3zt8ho9cR8i6eFCKtBby8Q,2001:559:a4:225::195
3zt8ho9cR8i6eFCKtBby8Q,38.99.100.7
4I4sDxMPTVSwYLdsCGk8PA,13.52.234.238
4I4sDxMPTVSwYLdsCGk8PA,38.99.100.2
4I4sDxMPTVSwYLdsCGk8PA,34.238.143.76
4tW7IarTR-GHmb_4speHwg,38.99.100.2
8emmj7QmTB6-CSPoiaqRkw,38.99.100.2
8emmj7QmTB6-CSPoiaqRkw,34.238.143.76
8emmj7QmTB6-CSPoiaqRkw,52.220.255.171
8emmj7QmTB6-CSPoiaqRkw,52.74.225.218
8emmj7QmTB6-CSPoiaqRkw,52.76.116.153
8emmj7QmTB6-CSPoiaqRkw,54.179.122.232
97IYU62bTpSY66_pir2PgA,3.228.197.246
97IYU62bTpSY66_pir2PgA,2001:559:a4:228:2863:1922:ff67:8bf0
97IYU62bTpSY66_pir2PgA,2001:559:a4:23b:90f9:a027:dc43:e45b
97IYU62bTpSY66_pir2PgA,2001:559:a4:227:9d86:c4da:d756:714
97IYU62bTpSY66_pir2PgA,2001:559:a4:238:3dc9:bbf2:d723:3683
97IYU62bTpSY66_pir2PgA,34.215.195.251
97IYU62bTpSY66_pir2PgA,13.52.234.238
97IYU62bTpSY66_pir2PgA,38.99.100.7
97IYU62bTpSY66_pir2PgA,34.238.143.76
97IYU62bTpSY66_pir2PgA,2001:559:a4:228:e083:9c7a:6cb2:fc3d
97IYU62bTpSY66_pir2PgA,2001:559:a4:236:6592:69f2:e143:a38c
97IYU62bTpSY66_pir2PgA,2001:559:a4:236:fcd5:200:4d4:6bf2
97IYU62bTpSY66_pir2PgA,2001:559:a4:228:44fc:4964:6298:ee2
97IYU62bTpSY66_pir2PgA,2001:559:a4:227:cd6f:b784:1173:1a64
97IYU62bTpSY66_pir2PgA,2001:559:a4:236:cdb2:72c4:6c84:32a5
97IYU62bTpSY66_pir2PgA,2001:559:a4:225::195
97IYU62bTpSY66_pir2PgA,13.110.78.8
97IYU62bTpSY66_pir2PgA,2001:559:a4:228:396a:6f59:941f:5e4d
97IYU62bTpSY66_pir2PgA,38.99.100.2
97IYU62bTpSY66_pir2PgA,2001:559:a4:236:9c7a:2700:2eab:cdcb
97IYU62bTpSY66_pir2PgA,2001:559:a4:23b:d8a7:c5ae:9bec:ae77
C7SHSvPfT6Sp_7LE8lNMmg,38.99.100.2
C7SHSvPfT6Sp_7LE8lNMmg,34.238.143.76
C7SHSvPfT6Sp_7LE8lNMmg,18.205.35.125
C7SHSvPfT6Sp_7LE8lNMmg,34.215.195.251
C7SHSvPfT6Sp_7LE8lNMmg,18.215.88.65
C7SHSvPfT6Sp_7LE8lNMmg,52.76.116.153
C7SHSvPfT6Sp_7LE8lNMmg,54.179.122.232
DakM9BF0SGGgR5X3zr08Nw,2001:559:a4:23b:b0e4:c28f:2118:c87
DakM9BF0SGGgR5X3zr08Nw,38.99.100.2
DakM9BF0SGGgR5X3zr08Nw,34.238.143.76
DakM9BF0SGGgR5X3zr08Nw,2001:559:a4:23b:d0ce:a2b:e30e:7bcf
DakM9BF0SGGgR5X3zr08Nw,2001:559:a4:23b:cbf:167e:7f45:5172
DakM9BF0SGGgR5X3zr08Nw,52.74.225.218
DakM9BF0SGGgR5X3zr08Nw,34.215.195.251
DakM9BF0SGGgR5X3zr08Nw,2001:559:a4:23b:e156:9968:a028:da14
DjrNQ0_GQQyVC3_dNS1aXA,38.99.100.2
DjrNQ0_GQQyVC3_dNS1aXA,3.228.197.246
DjrNQ0_GQQyVC3_dNS1aXA,18.138.183.50
DjrNQ0_GQQyVC3_dNS1aXA,34.238.143.76
DjrNQ0_GQQyVC3_dNS1aXA,38.99.100.7
Dt_we4tzRt-RcR5rsQ3nKA,38.99.100.2
Dt_we4tzRt-RcR5rsQ3nKA,34.238.143.76
EJK40hdJR_KHtCPJKZRIrA,38.99.100.2
EJK40hdJR_KHtCPJKZRIrA,3.228.197.246
EJK40hdJR_KHtCPJKZRIrA,52.76.116.153
EJK40hdJR_KHtCPJKZRIrA,52.74.225.218
EJK40hdJR_KHtCPJKZRIrA,34.215.195.251
EJK40hdJR_KHtCPJKZRIrA,52.76.192.139
EJK40hdJR_KHtCPJKZRIrA,2001:559:a4:228:fdab:b72:d0c3:26bc
EJK40hdJR_KHtCPJKZRIrA,54.179.122.232
FU5PbbQOQOGvr419yP7Ytw,38.99.100.2
FU5PbbQOQOGvr419yP7Ytw,34.238.143.76
FU5PbbQOQOGvr419yP7Ytw,34.215.195.251
FU5PbbQOQOGvr419yP7Ytw,38.99.100.7
Fp0ROfWhR9S47xjq40LhPw,38.99.100.2
Fp0ROfWhR9S47xjq40LhPw,34.238.143.76
M5UsaeEbQrC2oxCrQzferQ,38.99.100.2
M5UsaeEbQrC2oxCrQzferQ,34.238.143.76
M5UsaeEbQrC2oxCrQzferQ,18.205.35.125
M5UsaeEbQrC2oxCrQzferQ,34.215.195.251
M5UsaeEbQrC2oxCrQzferQ,2001:559:a4:227:cd6f:b784:1173:1a64
M5UsaeEbQrC2oxCrQzferQ,2001:559:a4:227:c0e:95dc:932a:ef8c
M5UsaeEbQrC2oxCrQzferQ,2001:559:a4:236:71ea:c5d6:cda4:f6fe
MCGu83PTQYSrrJ8rDd4vqA,38.99.100.2
MCGu83PTQYSrrJ8rDd4vqA,34.238.143.76
OkuDh8wjTouZ4g6NlzVRAg,38.99.100.2
OkuDh8wjTouZ4g6NlzVRAg,34.238.143.76
OkuDh8wjTouZ4g6NlzVRAg,36.33.24.184
OkuDh8wjTouZ4g6NlzVRAg,18.205.35.125
OkuDh8wjTouZ4g6NlzVRAg,2001:559:a4:227:9d86:c4da:d756:714
OkuDh8wjTouZ4g6NlzVRAg,34.215.195.251
OkuDh8wjTouZ4g6NlzVRAg,18.215.88.65
OkuDh8wjTouZ4g6NlzVRAg,2001:559:a4:236:ed57:66a7:9628:12a4
Oz_q6jW6SVaQq6wux5h87w,38.99.100.2
Oz_q6jW6SVaQq6wux5h87w,34.238.143.76
Oz_q6jW6SVaQq6wux5h87w,18.205.35.125
Oz_q6jW6SVaQq6wux5h87w,52.74.225.218
Oz_q6jW6SVaQq6wux5h87w,13.52.234.238
PSuV3wMMSsSTDTAPKTdLhw,38.99.100.2
PSuV3wMMSsSTDTAPKTdLhw,3.228.197.246
PSuV3wMMSsSTDTAPKTdLhw,38.99.100.7
PSuV3wMMSsSTDTAPKTdLhw,34.238.143.76
PSuV3wMMSsSTDTAPKTdLhw,2001:559:a4:225::195
PSuV3wMMSsSTDTAPKTdLhw,38.99.114.227
Q8ytwGgsRiqIq2CnIYzfzQ,38.99.100.2
Q8ytwGgsRiqIq2CnIYzfzQ,34.238.143.76
Q8ytwGgsRiqIq2CnIYzfzQ,36.33.24.184
Q8ytwGgsRiqIq2CnIYzfzQ,18.205.35.125
Q8ytwGgsRiqIq2CnIYzfzQ,2001:559:a4:227:cd6f:b784:1173:1a64
Q8ytwGgsRiqIq2CnIYzfzQ,18.215.88.65
Q8ytwGgsRiqIq2CnIYzfzQ,13.52.234.238
R3qO0xz3Q9KnPwNZNTIJ8w,38.99.100.2
R3qO0xz3Q9KnPwNZNTIJ8w,34.238.143.76
R3qO0xz3Q9KnPwNZNTIJ8w,34.215.195.251
RIgOu4PVRrOZcknNtlUiHg,13.52.234.238
RIgOu4PVRrOZcknNtlUiHg,34.238.143.76
RIgOu4PVRrOZcknNtlUiHg,38.99.100.7
RIgOu4PVRrOZcknNtlUiHg,38.99.100.2
S6Xz47u2SxKYzXy85qKLDg,2001:559:a4:225::89
S6Xz47u2SxKYzXy85qKLDg,38.99.100.2
S6Xz47u2SxKYzXy85qKLDg,18.138.183.50
S6Xz47u2SxKYzXy85qKLDg,34.238.143.76
S6Xz47u2SxKYzXy85qKLDg,2001:559:a4:21e:7dd4:9358:a0a7:4ac
S6Xz47u2SxKYzXy85qKLDg,52.220.255.171
S6Xz47u2SxKYzXy85qKLDg,52.74.225.218
S6Xz47u2SxKYzXy85qKLDg,52.76.116.153
S6Xz47u2SxKYzXy85qKLDg,2001:559:a4:225::195
S6Xz47u2SxKYzXy85qKLDg,54.179.122.232
S6Xz47u2SxKYzXy85qKLDg,38.99.100.7
TkQ6qEb2T9COAHLNIHpbpQ,2001:559:a4:225::89
TkQ6qEb2T9COAHLNIHpbpQ,2001:559:a4:225::195
TkQ6qEb2T9COAHLNIHpbpQ,34.238.143.76
TkQ6qEb2T9COAHLNIHpbpQ,38.99.100.2
WTpQ2Q_rSKm0-eGZtyakog,38.99.100.2
WTpQ2Q_rSKm0-eGZtyakog,34.238.143.76
WTpQ2Q_rSKm0-eGZtyakog,36.33.24.184
WTpQ2Q_rSKm0-eGZtyakog,2001:559:a4:227:b849:2335:1460:5ca8
WTpQ2Q_rSKm0-eGZtyakog,52.74.225.218
WTpQ2Q_rSKm0-eGZtyakog,2001:559:a4:228:65df:8970:94dd:7b2b
WTpQ2Q_rSKm0-eGZtyakog,2001:559:a4:227:942d:1c0:a430:2e5a
WTpQ2Q_rSKm0-eGZtyakog,52.76.116.153
WTpQ2Q_rSKm0-eGZtyakog,54.179.122.232
WTpQ2Q_rSKm0-eGZtyakog,38.99.100.7
X149WODHT7GWjFZ9ZuSRZQ,2001:559:a4:225::89
X149WODHT7GWjFZ9ZuSRZQ,38.99.100.2
X149WODHT7GWjFZ9ZuSRZQ,34.238.143.76
X149WODHT7GWjFZ9ZuSRZQ,34.215.195.251
X149WODHT7GWjFZ9ZuSRZQ,2001:559:a4:225::195
X149WODHT7GWjFZ9ZuSRZQ,38.99.100.7
ZIc8jEg5RqumaGMmDfzpLw,2001:559:a4:225::89
ZIc8jEg5RqumaGMmDfzpLw,2001:559:a4:225::195
ZIc8jEg5RqumaGMmDfzpLw,34.238.143.76
ZIc8jEg5RqumaGMmDfzpLw,38.99.100.2
_Rll7t_-RViLUv8sHSX8ew,38.99.100.2
_Rll7t_-RViLUv8sHSX8ew,3.228.197.246
_Rll7t_-RViLUv8sHSX8ew,34.238.143.76
_Rll7t_-RViLUv8sHSX8ew,18.205.35.125
_Rll7t_-RViLUv8sHSX8ew,34.215.195.251
_Rll7t_-RViLUv8sHSX8ew,18.215.88.65
_Rll7t_-RViLUv8sHSX8ew,2001:559:a4:225::195
au09joJOTeaCIjEjW7cmFQ,2001:559:a4:225::89
au09joJOTeaCIjEjW7cmFQ,2001:559:a4:225::195
au09joJOTeaCIjEjW7cmFQ,34.238.143.76
au09joJOTeaCIjEjW7cmFQ,38.99.100.2
gaGRN96VSLCKvBvg-GsPNw,38.99.100.2
gaGRN96VSLCKvBvg-GsPNw,34.238.143.76
gaGRN96VSLCKvBvg-GsPNw,36.33.24.184
gaGRN96VSLCKvBvg-GsPNw,18.205.35.125
gaGRN96VSLCKvBvg-GsPNw,34.215.195.251
gaGRN96VSLCKvBvg-GsPNw,13.52.234.238
j8ws5gMTTNyto3Feftdt3w,38.99.100.2
kzfVg5EyT3GRWT6CEGXmnw,38.99.100.2
kzfVg5EyT3GRWT6CEGXmnw,34.215.195.251
o1tCxiReSFG_I-JW8Zs-Jg,38.99.100.2
o1tCxiReSFG_I-JW8Zs-Jg,34.238.143.76
o1tCxiReSFG_I-JW8Zs-Jg,18.205.35.125
o1tCxiReSFG_I-JW8Zs-Jg,34.215.195.251
o1tCxiReSFG_I-JW8Zs-Jg,13.52.234.238
o795-lSDSkCh9Uops8M7rw,52.73.66.5
o795-lSDSkCh9Uops8M7rw,18.205.35.125
o795-lSDSkCh9Uops8M7rw,2001:559:a4:227:9d86:c4da:d756:714
o795-lSDSkCh9Uops8M7rw,52.76.192.139
o795-lSDSkCh9Uops8M7rw,34.215.195.251
o795-lSDSkCh9Uops8M7rw,3.211.133.56
o795-lSDSkCh9Uops8M7rw,2001:559:a4:227:c0e:95dc:932a:ef8c
o795-lSDSkCh9Uops8M7rw,38.99.100.7
o795-lSDSkCh9Uops8M7rw,2001:559:a4:236:2444:21fb:4e91:f792
o795-lSDSkCh9Uops8M7rw,3.208.254.246
o795-lSDSkCh9Uops8M7rw,54.179.122.232
o795-lSDSkCh9Uops8M7rw,34.238.143.76
o795-lSDSkCh9Uops8M7rw,36.33.24.184
o795-lSDSkCh9Uops8M7rw,54.147.230.103
o795-lSDSkCh9Uops8M7rw,54.255.206.65
o795-lSDSkCh9Uops8M7rw,52.74.225.218
o795-lSDSkCh9Uops8M7rw,2001:559:a4:228:914a:4365:66c8:6d27
o795-lSDSkCh9Uops8M7rw,2001:559:a4:227:cd6f:b784:1173:1a64
o795-lSDSkCh9Uops8M7rw,18.215.88.65
o795-lSDSkCh9Uops8M7rw,2001:559:a4:225::195
o795-lSDSkCh9Uops8M7rw,38.99.100.2
o795-lSDSkCh9Uops8M7rw,3.211.70.114
o795-lSDSkCh9Uops8M7rw,2001:559:a4:236:9c7a:2700:2eab:cdcb
o795-lSDSkCh9Uops8M7rw,52.76.116.153
o795-lSDSkCh9Uops8M7rw,2001:559:a4:236:906e:1fee:d5c3:9e95
q5rCW-I7RzOPIIiB6IN3Vg,38.99.100.2
tETEyYluSBKoqAwT65OVnQ,38.99.100.2
tETEyYluSBKoqAwT65OVnQ,52.76.116.153
tETEyYluSBKoqAwT65OVnQ,34.238.143.76
tETEyYluSBKoqAwT65OVnQ,18.205.35.125
tETEyYluSBKoqAwT65OVnQ,34.215.195.251
tETEyYluSBKoqAwT65OVnQ,13.52.234.238
tETEyYluSBKoqAwT65OVnQ,38.99.100.7
uFGXdR9KQmqgnKjUICQgcQ,38.99.100.2
uFGXdR9KQmqgnKjUICQgcQ,34.238.143.76
uFGXdR9KQmqgnKjUICQgcQ,38.99.100.7
yvC1QJC9TjyqSUwLMIdpYA,38.99.100.2
yvC1QJC9TjyqSUwLMIdpYA,34.238.143.76
yvC1QJC9TjyqSUwLMIdpYA,36.33.24.184
yvC1QJC9TjyqSUwLMIdpYA,18.205.35.125
yvC1QJC9TjyqSUwLMIdpYA,2001:559:a4:227:b849:2335:1460:5ca8
yvC1QJC9TjyqSUwLMIdpYA,52.74.225.218
yvC1QJC9TjyqSUwLMIdpYA,52.76.116.153
yvC1QJC9TjyqSUwLMIdpYA,54.179.122.232
yvC1QJC9TjyqSUwLMIdpYA,38.99.100.7
